date,Aatrox,Ahri,Akali,Alistar,Amumu,Anivia,Annie,Ashe,Aurelion Sol,Azir,Bard,Blitzcrank,Brand,Braum,Caitlyn,Camille,Cassiopeia,Cho'Gath,Corki,Darius,Diana,Dr. Mundo,Draven,Ekko,Elise,Evelynn,Ezreal,Fiddlesticks,Fiora,Fizz,Galio,Gangplank,Garen,Gnar,Gragas,Graves,Hecarim,Heimerdinger,Illaoi,Irelia,Ivern,Janna,Jarvan IV,Jax,Jayce,Jhin,Jinx,Kalista,Karma,Karthus,Kassadin,Katarina,Kayle,Kayn,Kennen,Kha'Zix,Kindred,Kled,Kog'Maw,LeBlanc,Lee Sin,Leona,Lissandra,Lucian,Lulu,Lux,Malphite,Malzahar,Maokai,Master Yi,Miss Fortune,Mordekaiser,Morgana,Nami,Nasus,Nautilus,Nidalee,Nocturne,Nunu,Olaf,Orianna,Ornn,Pantheon,Poppy,Quinn,Rakan,Rammus,Rek'Sai,Renekton,Rengar,Riven,Rumble,Ryze,Sejuani,Shaco,Shen,Shyvana,Singed,Sion,Sivir,Skarner,Sona,Soraka,Swain,Syndra,Tahm Kench,Taliyah,Talon,Taric,Teemo,Thresh,Tristana,Trundle,Tryndamere,Twisted Fate,Twitch,Udyr,Urgot,Varus,Vayne,Veigar,Vel'Koz,Vi,Viktor,Vladimir,Volibear,Warwick,Wukong,Xayah,Xerath,Xin Zhao,Yasuo,Yorick,Zac,Zed,Ziggs,Zilean,Zyra
1,500.66,501.45,500.98,500.84,500.73,502.2,501.9,502.82,500.14,500.47,503.92,503.93,502.63,501.65,501.16,501.66,502.62,501.27,501.59,501.05,500.33,502.32,502.83,501.15,501.89,501.2,503.1,501.45,501.73,502.15,501.39,501.62,500.71,501.39,500.99,502.52,501.73,501.24,500.47,500.52,501.8,500.57,501.41,501.03,501.69,502.22,501.98,502.84,502.34,500.97,501.01,500.89,501.74,501.66,501.03,502.1,500.8,502.38,501.59,501.27,504.2,501.17,500.9,502.26,501.47,502.17,500.67,501.14,501.02,502.34,502.59,501.12,503.89,501.06,500.39,501.89,502.11,501.67,501.82,501.04,501.43,500.67,501.52,501.65,501.76,500.92,501.03,501.48,501.17,502.88,501.69,502.18,500.76,500.38,500.76,501.74,501.42,500.98,502.33,501.76,503.89,500.97,500.38,500.58,502.02,501.29,501.94,501.55,501.23,501.33,502.14,501.97,501.83,501.13,502.39,502.11,502.06,502.2,502.07,501.92,501.06,501.94,501.24,501.79,501.06,501.83,501.9,501.93,501.78,501.66,500.59,501.53,501.72,500.83,501.69,501.66,501.13,501.76
2,537.15,555.97,536.41,510.82,583.13,548.75,549.07,516.82,562.07,558.88,514.66,517.79,529.01,513.41,515.44,522.16,555.6,544.27,553.85,518.35,558.98,544.61,520.47,555.74,584.6,591.26,528.54,551.96,519.05,553.92,538.11,531.81,518.02,518.56,561.11,577.05,583.69,554.14,514.51,518.33,544.0,504.56,569.56,550.99,527.11,516.71,516.52,522.75,519.32,549.85,544.55,549.91,530.93,594.53,526.69,595.11,586.09,520.01,519.37,551.93,600.02,513.3,550.3,525.71,509.13,541.7,521.51,545.32,554.43,595.95,516.44,528.64,520.88,506.97,515.67,521.07,579.27,593.83,574.28,556.55,555.8,528.72,530.12,529.98,531.21,505.77,582.67,594.83,519.5,587.0,523.47,524.98,541.64,572.07,588.25,522.83,593.31,545.68,520.78,516.39,597.32,507.48,505.18,529.41,553.66,515.32,562.78,556.38,512.74,522.26,509.04,515.87,540.16,531.8,562.34,534.38,587.65,525.1,519.19,516.7,542.75,543.8,591.46,553.76,536.81,568.99,592.72,550.89,515.24,552.1,576.53,544.32,520.86,579.34,556.46,551.59,518.49,514.08
3,822.83,841.16,808.6,703.0,911.1,821.66,831.4,829.58,849.03,852.64,725.85,721.29,766.05,709.27,828.24,806.69,874.85,838.37,867.05,829.76,851.17,848.72,856.83,837.15,902.7,902.38,852.09,852.33,821.48,824.19,816.5,838.04,794.72,806.69,863.25,902.78,901.25,839.4,784.73,805.4,841.41,705.34,882.41,852.13,838.59,840.72,828.74,865.93,741.98,837.17,824.61,835.81,808.26,930.24,816.49,915.66,913.26,807.62,820.39,833.12,918.33,719.09,843.36,849.89,720.63,801.77,781.39,818.23,836.71,931.29,815.76,821.64,731.72,709.78,774.67,744.21,894.65,919.41,868.05,876.28,848.43,794.97,820.95,802.76,837.91,709.28,892.22,931.72,819.98,914.19,805.04,807.08,832.31,886.02,897.46,797.04,921.97,807.74,789.15,831.54,924.25,716.01,711.7,802.33,842.93,735.78,854.96,890.38,718.28,805.53,716.54,828.48,842.96,835.5,879.55,846.42,904.12,818.74,828.84,820.53,800.01,810.11,919.79,847.06,835.93,860.32,917.52,846.17,823.39,823.09,883.2,863.99,800.75,874.55,840.86,842.48,741.26,718.79
4,1159.71,1138.02,1111.84,924.19,1209.39,1119.7,1121.76,1148.25,1128.52,1154.05,942.53,951.92,1038.02,921.25,1154.27,1125.86,1187.2,1154.19,1178.72,1155.06,1154.92,1168.28,1208.18,1136.9,1249.88,1215.84,1194.36,1151.76,1147.04,1142.16,1105.61,1166.54,1091.92,1100.22,1193.83,1245.98,1233.74,1152.72,1100.71,1144.92,1181.56,922.06,1201.62,1185.66,1155.75,1174.33,1147.31,1214.05,975.8,1138.67,1149.41,1170.63,1092.95,1256.01,1120.72,1268.61,1237.67,1123.55,1143.47,1151.93,1266.85,958.28,1148.65,1185.05,949.35,1077.43,1062.31,1100.97,1142.16,1280.17,1128.49,1157.83,961.9,929.75,1084.44,992.39,1237.81,1255.29,1187.64,1208.47,1158.82,1080.17,1148.4,1103.91,1157.38,929.99,1211.45,1291.37,1151.06,1224.55,1126.21,1128.19,1131.01,1203.09,1233.81,1098.65,1251.56,1086.72,1091.13,1149.0,1260.4,934.3,931.12,1097.51,1154.82,965.92,1169.78,1201.36,954.3,1104.69,942.44,1153.62,1157.54,1155.68,1220.05,1169.61,1245.06,1134.04,1153.75,1141.11,1070.76,1098.21,1253.54,1160.79,1158.33,1182.43,1264.55,1151.33,1148.43,1123.72,1236.19,1180.09,1120.38,1179.55,1166.78,1144.32,976.28,945.03
5,1472.79,1444.44,1412.82,1156.45,1487.6,1411.23,1414.79,1464.3,1433.28,1461.52,1166.32,1178.71,1307.57,1138.58,1482.18,1430.48,1505.93,1457.59,1498.22,1484.59,1452.73,1484.72,1565.48,1447.35,1551.34,1520.64,1524.2,1439.55,1470.06,1442.21,1397.25,1484.69,1392.52,1409.19,1495.82,1548.53,1536.36,1476.71,1414.05,1477.48,1470.15,1149.53,1511.14,1496.47,1476.2,1512.2,1467.28,1567.06,1215.89,1453.84,1467.57,1492.28,1386.61,1556.86,1426.45,1579.38,1536.97,1443.06,1467.89,1465.52,1577.05,1192.34,1464.98,1523.69,1182.99,1360.09,1332.0,1392.74,1423.44,1592.07,1438.04,1490.54,1199.28,1152.62,1382.11,1240.82,1555.25,1564.17,1473.2,1514.82,1476.54,1356.72,1456.33,1389.67,1468.73,1158.45,1494.84,1603.11,1487.99,1532.79,1444.76,1450.64,1425.45,1490.4,1535.71,1395.51,1553.86,1383.14,1389.51,1468.93,1557.76,1158.55,1161.45,1390.09,1474.6,1199.19,1487.75,1517.23,1184.74,1407.33,1168.8,1481.84,1454.2,1469.2,1563.36,1485.36,1553.86,1454.0,1478.59,1460.63,1350.22,1387.43,1553.58,1479.42,1484.49,1483.26,1584.77,1452.44,1471.11,1428.0,1553.98,1509.58,1424.97,1458.01,1495.22,1449.3,1213.7,1178.28
6,1768.96,1736.18,1699.87,1368.36,1770.38,1682.82,1690.31,1751.86,1726.73,1749.27,1380.86,1391.77,1560.21,1342.99,1779.9,1714.35,1806.29,1739.7,1796.12,1787.87,1742.97,1789.04,1893.79,1748.28,1839.41,1823.56,1823.98,1699.91,1773.62,1736.52,1678.28,1789.95,1670.99,1699.06,1784.15,1841.23,1833.1,1782.39,1703.41,1781.39,1725.13,1366.61,1805.87,1785.3,1787.0,1817.23,1761.96,1893.91,1447.54,1755.64,1767.62,1806.81,1663.2,1856.5,1722.03,1878.03,1813.39,1744.04,1771.45,1766.32,1879.15,1410.78,1761.51,1838.56,1401.4,1627.13,1590.2,1674.91,1694.5,1892.62,1728.47,1801.77,1428.65,1363.6,1655.87,1472.62,1858.85,1862.89,1740.11,1814.05,1773.8,1617.09,1742.91,1658.46,1765.04,1376.31,1776.88,1911.15,1793.31,1836.62,1742.52,1748.72,1715.27,1773.26,1808.96,1664.73,1852.11,1669.66,1665.79,1768.92,1845.94,1371.77,1373.38,1671.67,1775.7,1426.48,1788.44,1819.54,1401.53,1688.53,1382.69,1785.96,1728.84,1764.49,1892.08,1777.69,1829.91,1740.9,1778.85,1756.44,1611.0,1665.18,1838.21,1774.84,1784.39,1757.59,1872.83,1736.76,1774.5,1714.95,1836.84,1820.32,1709.35,1729.85,1808.98,1743.14,1447.47,1410.55
7,2097.88,2042.94,2020.89,1598.56,2051.9,1994.73,1991.01,2060.86,2024.79,2040.69,1610.24,1619.53,1833.76,1562.09,2102.25,2018.99,2124.03,2040.77,2106.98,2114.25,2052.11,2107.7,2261.57,2053.77,2130.88,2123.91,2149.78,1972.29,2093.51,2062.21,1966.28,2141.61,1983.73,2016.93,2076.38,2147.23,2132.39,2104.85,2019.33,2117.6,1982.83,1591.27,2113.09,2090.42,2111.81,2149.21,2078.24,2248.9,1687.15,2096.29,2089.27,2138.62,1952.42,2155.54,2046.94,2176.19,2099.57,2065.39,2099.42,2092.79,2183.05,1646.46,2082.43,2177.28,1629.38,1912.35,1871.3,1971.72,1972.65,2194.68,2043.84,2132.37,1669.38,1583.77,1956.18,1716.81,2166.46,2169.11,2011.42,2121.46,2086.76,1895.72,2060.41,1945.31,2080.23,1603.9,2062.34,2223.06,2135.93,2155.17,2078.79,2077.21,2003.3,2057.43,2091.21,1952.79,2152.05,1973.42,1966.94,2090.26,2149.73,1594.51,1597.3,1974.5,2107.54,1666.63,2104.66,2144.98,1630.31,1984.59,1611.36,2113.4,2021.56,2078.63,2228.45,2093.58,2121.1,2059.71,2104.59,2070.59,1899.61,1973.23,2124.44,2079.98,2107.32,2044.07,2164.61,2039.04,2099.36,2026.71,2119.39,2138.86,2038.46,2010.44,2146.9,2053.24,1685.63,1650.47
8,2424.55,2367.4,2344.37,1835.18,2339.94,2327.83,2297.19,2372.73,2345.44,2342.93,1845.77,1853.23,2113.59,1783.51,2427.92,2322.12,2457.73,2346.91,2437.89,2439.06,2376.87,2433.31,2639.67,2375.33,2439.62,2427.79,2474.84,2265.62,2412.95,2383.94,2261.18,2486.64,2292.97,2334.44,2373.47,2466.65,2431.84,2437.8,2342.72,2447.57,2272.19,1819.61,2432.05,2400.25,2445.19,2493.97,2399.56,2607.14,1938.61,2458.94,2420.21,2484.79,2243.34,2462.94,2365.62,2491.44,2404.57,2389.4,2425.57,2423.19,2506.04,1881.12,2409.73,2523.47,1863.74,2209.38,2153.94,2295.94,2260.46,2517.07,2361.81,2466.34,1919.29,1807.63,2264.61,1964.57,2478.33,2500.27,2308.56,2447.61,2418.24,2177.0,2374.58,2230.54,2393.28,1836.99,2353.0,2547.7,2485.39,2475.03,2408.37,2407.69,2299.0,2350.11,2394.68,2240.92,2481.31,2293.74,2267.12,2422.7,2456.33,1820.57,1822.91,2286.8,2453.71,1910.15,2433.85,2492.17,1863.37,2282.21,1843.37,2447.38,2328.52,2399.7,2578.98,2412.74,2427.56,2371.85,2433.6,2385.13,2199.4,2284.91,2442.08,2413.7,2430.25,2349.64,2493.38,2348.33,2432.09,2341.9,2427.75,2468.3,2366.95,2292.47,2490.22,2375.91,1939.78,1898.23
9,2756.84,2693.74,2676.48,2067.88,2646.48,2662.58,2615.82,2684.08,2667.89,2648.17,2093.46,2095.4,2409.79,2010.67,2753.56,2627.38,2789.4,2661.56,2767.78,2759.79,2712.63,2753.55,3023.79,2701.64,2769.4,2748.93,2803.71,2588.34,2723.31,2723.15,2561.43,2828.14,2607.57,2651.11,2684.09,2807.79,2762.7,2771.86,2668.55,2783.01,2583.65,2051.32,2768.86,2721.74,2775.54,2838.18,2724.33,2956.63,2194.62,2804.03,2751.7,2831.95,2538.17,2790.2,2680.83,2826.69,2724.46,2709.8,2743.25,2749.17,2839.3,2121.38,2743.63,2873.43,2101.66,2509.44,2443.36,2622.76,2561.32,2860.23,2689.46,2821.77,2178.6,2043.01,2564.0,2212.65,2814.7,2855.68,2621.9,2776.78,2753.2,2457.81,2700.01,2519.91,2720.42,2078.24,2659.7,2895.36,2829.69,2807.77,2738.21,2725.72,2596.74,2667.04,2712.77,2529.09,2837.48,2620.3,2565.93,2746.52,2782.57,2060.79,2054.27,2592.63,2799.87,2155.45,2762.46,2833.35,2096.93,2579.14,2076.38,2783.26,2634.94,2721.01,2934.62,2737.29,2760.48,2679.81,2763.96,2699.26,2498.49,2605.59,2770.94,2747.94,2746.47,2665.75,2835.15,2661.78,2770.0,2666.34,2741.08,2799.27,2686.84,2591.12,2838.94,2706.87,2202.72,2166.82
10,3113.85,3035.66,3029.97,2322.35,2970.37,3008.64,2943.89,3017.08,3006.44,2954.97,2352.57,2357.7,2708.81,2255.56,3106.79,2967.08,3134.67,2996.52,3136.38,3111.24,3073.08,3102.46,3444.33,3036.4,3114.47,3088.53,3156.54,2919.31,3066.59,3073.25,2876.77,3199.47,2945.23,2994.82,3016.28,3175.47,3116.26,3121.65,3021.76,3139.86,2892.8,2295.84,3128.51,3073.66,3143.73,3207.6,3077.44,3335.98,2460.77,3160.23,3101.18,3186.18,2854.31,3128.41,3026.51,3183.96,3063.25,3056.9,3091.69,3090.01,3183.81,2383.36,3081.48,3244.63,2348.55,2823.85,2754.9,2963.55,2880.64,3223.73,3049.62,3187.44,2454.04,2288.84,2900.51,2488.92,3171.39,3223.41,2954.03,3124.71,3093.96,2762.45,3045.39,2831.67,3060.87,2332.68,2992.65,3248.87,3203.13,3163.49,3092.53,3069.71,2910.84,3006.26,3043.85,2835.28,3207.75,2977.99,2890.5,3099.1,3125.07,2319.89,2302.75,2922.75,3157.75,2421.2,3097.72,3181.52,2349.4,2898.94,2326.84,3141.77,2969.56,3070.85,3300.03,3085.54,3108.57,3013.96,3121.8,3040.12,2820.24,2938.12,3118.38,3085.0,3086.27,3009.82,3190.82,2999.24,3132.34,2999.15,3071.74,3144.11,3037.07,2902.45,3200.94,3063.85,2470.59,2448.12
11,3476.45,3393.3,3391.37,2574.86,3294.56,3383.83,3284.71,3366.74,3350.13,3267.33,2624.1,2631.5,3026.64,2511.42,3468.5,3305.61,3493.25,3335.75,3509.81,3468.34,3446.12,3461.9,3871.32,3398.75,3460.18,3433.71,3518.07,3247.83,3422.96,3433.85,3204.59,3578.59,3285.12,3346.93,3350.28,3552.37,3464.41,3487.73,3384.99,3504.12,3204.78,2545.25,3489.84,3430.47,3520.53,3584.55,3441.52,3720.12,2745.39,3531.39,3471.97,3556.65,3185.26,3467.41,3367.81,3540.34,3395.11,3412.89,3450.34,3447.43,3524.77,2655.5,3452.59,3628.57,2608.4,3148.8,3077.17,3327.82,3204.46,3596.37,3419.5,3583.17,2737.6,2549.77,3247.98,2766.94,3519.57,3600.41,3285.59,3491.92,3459.64,3074.33,3401.96,3143.27,3415.27,2591.11,3325.72,3616.56,3587.64,3523.7,3453.25,3431.84,3247.41,3348.98,3373.67,3147.96,3587.93,3345.72,3220.8,3470.2,3463.8,2580.32,2559.07,3267.07,3527.01,2689.61,3454.65,3556.48,2609.58,3229.39,2580.47,3514.04,3314.27,3427.46,3681.54,3438.07,3452.03,3357.67,3487.97,3381.54,3156.95,3286.35,3461.05,3444.84,3437.81,3346.41,3542.83,3345.78,3503.39,3359.12,3402.59,3506.18,3413.92,3217.44,3580.56,3430.29,2755.55,2739.96
12,3852.11,3754.47,3762.07,2835.03,3618.69,3760.32,3614.63,3714.81,3705.15,3592.69,2898.95,2906.06,3346.29,2765.52,3824.22,3637.86,3845.5,3673.84,3869.88,3832.2,3818.73,3808.15,4298.22,3767.49,3801.59,3788.05,3868.27,3582.49,3774.75,3792.26,3530.46,3951.07,3628.68,3700.08,3680.77,3910.76,3814.21,3858.09,3749.23,3865.09,3497.34,2799.33,3848.14,3781.83,3898.81,3960.87,3801.59,4100.69,3027.86,3909.63,3825.57,3939.57,3516.53,3805.76,3711.39,3904.75,3725.82,3775.78,3808.74,3794.6,3872.82,2930.42,3817.21,4005.38,2872.63,3470.95,3390.84,3697.06,3526.04,3971.22,3781.0,3958.4,3033.42,2812.26,3594.57,3043.79,3877.67,3968.69,3612.25,3843.85,3821.43,3377.16,3757.21,3457.04,3771.11,2854.18,3659.25,3976.61,3965.29,3886.97,3809.7,3784.67,3574.32,3696.18,3706.21,3456.62,3958.28,3707.44,3549.48,3829.24,3805.14,2847.32,2815.15,3615.44,3902.66,2961.59,3824.04,3940.03,2870.14,3559.35,2841.84,3884.33,3655.02,3789.86,4065.44,3786.83,3790.58,3694.21,3847.16,3723.93,3492.1,3637.04,3810.51,3808.08,3782.06,3696.31,3889.63,3692.49,3870.54,3708.97,3735.76,3876.65,3789.31,3534.15,3957.84,3802.52,3051.3,3038.54
13,4230.73,4139.59,4152.51,3133.94,3965.47,4140.5,3974.35,4083.28,4071.74,3943.85,3212.65,3222.66,3689.73,3065.09,4204.5,3997.19,4218.77,4036.4,4247.02,4225.54,4216.44,4183.37,4739.05,4153.56,4161.46,4158.56,4244.67,3933.35,4158.5,4174.74,3886.82,4362.51,4000.83,4084.7,4032.84,4278.52,4176.57,4242.19,4147.65,4262.99,3817.97,3096.12,4229.4,4160.63,4300.54,4360.07,4190.58,4513.33,3342.3,4299.83,4206.6,4337.73,3875.57,4169.26,4089.99,4282.02,4075.22,4166.93,4200.47,4172.5,4236.96,3245.0,4195.7,4409.38,3177.14,3817.72,3742.48,4085.67,3866.35,4367.3,4180.59,4362.29,3358.57,3115.65,3981.82,3358.45,4246.21,4359.4,3951.98,4219.97,4203.22,3709.57,4132.58,3803.05,4152.64,3157.01,4009.88,4340.01,4374.97,4266.33,4199.5,4178.44,3928.07,4054.21,4055.52,3796.24,4341.3,4091.96,3906.39,4216.49,4156.71,3154.24,3112.3,3993.14,4282.05,3274.36,4203.92,4339.29,3167.25,3915.15,3139.59,4284.39,4022.0,4187.06,4457.27,4171.58,4148.37,4079.21,4240.52,4096.0,3849.78,4009.88,4174.25,4185.15,4163.1,4049.47,4256.09,4066.9,4267.8,4087.76,4088.31,4266.7,4193.51,3878.36,4354.22,4194.81,3370.56,3376.16
14,4629.79,4539.46,4562.46,3442.51,4319.47,4545.42,4340.54,4459.84,4478.88,4308.39,3533.65,3542.97,4050.05,3367.06,4590.91,4374.93,4613.31,4411.02,4637.09,4625.24,4630.02,4570.62,5192.82,4562.63,4533.64,4540.04,4634.36,4304.83,4560.42,4571.14,4243.07,4786.97,4398.23,4481.09,4386.5,4674.96,4544.64,4642.31,4567.28,4667.29,4150.14,3401.73,4623.05,4551.73,4710.4,4761.51,4587.45,4931.94,3663.53,4703.59,4596.55,4760.25,4248.58,4549.06,4478.77,4675.39,4451.43,4563.02,4592.14,4550.11,4610.73,3564.28,4588.24,4821.86,3482.32,4177.88,4099.96,4496.76,4220.27,4780.3,4584.18,4772.95,3691.42,3429.37,4374.02,3677.82,4623.24,4770.1,4315.23,4598.78,4605.8,4050.99,4518.55,4152.08,4555.46,3474.36,4367.57,4734.82,4794.17,4665.77,4595.27,4566.85,4301.86,4421.32,4422.04,4140.26,4756.75,4497.06,4269.43,4620.99,4511.21,3466.23,3414.35,4376.64,4684.43,3593.47,4612.85,4760.47,3478.29,4284.61,3441.29,4691.84,4391.9,4597.66,4869.45,4561.07,4538.86,4457.6,4644.18,4476.91,4229.28,4396.59,4554.89,4585.54,4559.79,4415.79,4633.74,4453.46,4674.47,4480.14,4460.97,4675.71,4615.78,4226.9,4770.94,4613.67,3716.29,3713.35
15,5026.18,4940.42,4968.44,3749.44,4681.48,4958.48,4708.14,4837.8,4860.08,4671.99,3858.06,3863.47,4409.29,3673.03,4966.77,4744.9,5002.22,4782.99,5031.11,5021.18,5045.16,4966.02,5644.61,4965.19,4916.63,4929.68,5013.95,4673.68,4954.24,4968.29,4603.64,5204.15,4787.83,4871.32,4748.46,5073.91,4915.65,5024.28,4970.69,5072.01,4479.72,3714.45,5025.18,4944.32,5114.84,5158.83,4984.09,5342.1,3992.76,5105.26,4978.78,5177.05,4630.49,4942.8,4854.2,5071.36,4832.82,4967.42,4986.45,4925.71,4992.78,3884.94,4977.9,5231.13,3794.84,4537.53,4454.3,4903.25,4575.57,5210.29,4981.84,5193.02,4031.42,3742.29,4763.78,3994.56,5006.28,5188.78,4676.06,4992.09,5006.49,4393.93,4903.61,4502.7,4940.25,3790.36,4733.04,5127.25,5204.02,5066.95,4991.34,4957.85,4655.93,4796.0,4790.05,4479.44,5176.23,4888.84,4636.16,5017.44,4880.35,3786.33,3723.93,4758.29,5077.44,3909.38,5009.03,5168.26,3786.05,4653.3,3743.2,5092.85,4771.17,5014.48,5286.95,4955.83,4919.08,4835.4,5031.79,4857.39,4614.53,4788.62,4936.53,4983.97,4946.84,4795.32,5025.91,4840.69,5076.59,4879.26,4843.67,5081.8,5034.48,4582.14,5184.57,5023.86,4055.18,4053.07
16,5438.77,5343.66,5394.3,4064.66,5060.46,5371.69,5086.81,5228.49,5255.79,5053.34,4196.82,4190.06,4777.81,3993.73,5363.55,5139.01,5400.31,5168.34,5453.11,5427.03,5470.85,5367.52,6106.3,5382.78,5307.43,5322.49,5413.56,5044.2,5362.2,5376.85,4974.26,5652.45,5203.72,5278.91,5119.76,5498.54,5309.32,5430.93,5383.78,5493.88,4815.86,4039.81,5431.84,5359.79,5537.57,5572.01,5398.61,5770.02,4330.15,5520.23,5381.21,5608.38,5025.61,5349.77,5255.04,5476.07,5227.01,5369.79,5411.41,5313.94,5376.51,4212.87,5378.62,5650.02,4120.24,4909.34,4819.72,5308.03,4941.19,5653.35,5398.07,5625.64,4380.97,4067.32,5183.38,4336.37,5397.55,5606.22,5053.77,5395.61,5414.91,4748.99,5303.06,4871.1,5343.55,4123.6,5111.17,5517.72,5624.75,5479.85,5402.68,5358.66,5017.4,5178.16,5170.97,4839.68,5604.86,5283.24,5012.76,5431.89,5270.17,4114.42,4047.62,5162.02,5481.84,4236.3,5419.42,5594.83,4108.46,5039.62,4056.47,5510.48,5159.63,5456.17,5706.43,5369.62,5303.03,5235.05,5441.9,5259.91,5004.62,5171.95,5331.99,5385.59,5350.0,5187.99,5419.06,5255.15,5493.63,5278.4,5233.72,5502.45,5457.49,4948.54,5607.41,5433.46,4414.38,4413.18
17,5856.28,5760.19,5834.8,4387.05,5435.52,5791.74,5479.88,5626.19,5675.47,5466.0,4546.56,4521.75,5153.91,4315.48,5761.9,5540.26,5805.23,5561.19,5877.37,5852.44,5905.85,5773.37,6568.43,5806.16,5698.69,5719.54,5819.89,5428.05,5788.14,5793.34,5351.58,6112.01,5628.67,5696.6,5493.22,5902.61,5703.81,5836.22,5809.11,5923.48,5163.67,4377.43,5845.15,5776.86,5980.47,5992.37,5817.2,6204.89,4667.43,5953.73,5788.05,6049.47,5426.18,5762.32,5655.6,5884.35,5622.19,5786.36,5834.19,5715.0,5762.05,4542.94,5798.39,6083.73,4451.19,5290.84,5198.71,5744.01,5310.15,6095.96,5808.79,6038.09,4737.65,4398.25,5618.35,4667.71,5793.09,6034.4,5438.91,5804.6,5838.78,5114.64,5705.38,5245.72,5752.39,4466.36,5491.79,5904.43,6058.33,5890.38,5821.21,5759.75,5411.74,5565.52,5555.29,5203.56,6027.02,5698.11,5395.22,5871.41,5665.17,4455.81,4377.99,5562.04,5898.06,4569.86,5833.34,6026.87,4438.48,5442.57,4371.89,5941.49,5549.97,5902.35,6137.45,5795.89,5704.56,5643.67,5861.1,5670.08,5416.19,5580.42,5729.4,5800.8,5752.44,5576.98,5821.49,5665.87,5918.76,5671.19,5633.32,5937.45,5886.0,5327.24,6042.79,5858.67,4777.81,4774.92
18,6286.74,6170.89,6268.47,4715.89,5801.07,6225.43,5866.82,6024.53,6081.95,5872.61,4898.32,4856.82,5533.98,4638.38,6154.88,5945.28,6210.7,5946.1,6301.22,6272.66,6331.76,6174.84,7024.45,6221.45,6083.37,6121.19,6212.31,5803.99,6199.16,6205.8,5722.03,6579.63,6062.87,6103.57,5865.86,6320.73,6093.0,6221.31,6240.93,6352.28,5502.8,4723.23,6250.98,6193.16,6413.33,6403.25,6237.08,6632.23,5005.28,6369.2,6195.31,6491.59,5837.96,6172.77,6051.77,6285.8,6011.19,6204.16,6256.75,6114.94,6135.49,4878.62,6198.95,6504.05,4779.97,5674.91,5579.83,6171.74,5677.91,6536.42,6220.04,6460.72,5095.78,4734.89,6044.39,5008.13,6165.12,6457.29,5810.55,6211.29,6251.6,5474.61,6111.26,5602.14,6156.67,4814.18,5873.92,6292.74,6481.58,6302.38,6241.5,6147.66,5798.62,5945.95,5938.96,5562.86,6451.38,6102.79,5773.51,6297.46,6021.29,4799.62,4710.27,5967.35,6310.87,4899.29,6247.26,6454.01,4770.09,5843.32,4689.98,6370.17,5939.86,6347.44,6559.15,6213.57,6111.42,6048.54,6276.58,6086.06,5813.96,5979.95,6120.0,6224.59,6160.55,5958.21,6210.56,6081.84,6340.06,6084.32,6031.89,6368.9,6327.99,5689.8,6467.85,6276.84,5144.81,5133.5
19,6701.11,6579.41,6706.2,5049.17,6174.94,6648.02,6268.42,6432.02,6491.12,6295.75,5262.68,5197.77,5912.41,4970.93,6556.32,6347.14,6611.65,6346.36,6744.83,6695.19,6765.04,6587.42,7485.13,6642.97,6469.51,6513.27,6619.53,6191.23,6621.58,6619.54,6108.0,7061.18,6500.92,6516.64,6234.3,6749.8,6496.68,6617.66,6661.59,6799.42,5841.07,5073.77,6658.91,6620.91,6860.02,6822.83,6667.23,7073.32,5359.4,6812.99,6614.15,6943.53,6250.88,6593.14,6463.62,6693.19,6416.46,6627.52,6702.96,6516.23,6519.13,5219.22,6605.99,6930.98,5117.57,6069.38,5962.7,6600.04,6046.54,6976.18,6643.48,6874.02,5460.8,5081.16,6485.74,5353.57,6563.78,6892.99,6183.1,6622.86,6668.99,5842.91,6515.31,5975.13,6576.67,5167.35,6255.06,6678.46,6919.63,6723.2,6671.18,6552.04,6192.95,6325.34,6336.33,5935.27,6892.92,6518.65,6159.74,6732.87,6416.28,5147.42,5047.13,6384.76,6725.19,5242.41,6662.16,6879.4,5112.22,6248.03,5015.37,6805.54,6334.81,6808.62,6987.28,6644.95,6495.18,6460.42,6697.27,6513.66,6223.94,6381.48,6517.95,6639.7,6582.02,6352.35,6611.03,6494.19,6774.27,6500.4,6439.05,6807.13,6768.18,6055.42,6892.82,6688.23,5513.51,5498.17
20,7130.43,6990.04,7136.12,5385.28,6552.08,7098.73,6677.08,6839.83,6891.26,6702.08,5627.57,5538.98,6297.23,5309.48,6967.25,6765.15,7019.01,6750.06,7174.18,7129.49,7204.12,7000.35,7936.51,7074.07,6856.1,6916.09,7028.57,6556.51,7051.88,7031.08,6486.87,7556.08,6941.37,6925.84,6606.73,7172.82,6885.55,7009.56,7089.65,7230.72,6190.52,5425.63,7065.71,7044.85,7288.15,7238.79,7108.89,7531.5,5714.4,7249.21,7044.58,7384.47,6670.75,7014.4,6874.97,7107.34,6824.33,7053.33,7136.9,6910.97,6900.04,5561.34,7013.05,7362.33,5458.78,6458.67,6348.19,7036.53,6411.76,7434.83,7060.42,7276.95,5829.44,5419.25,6929.8,5694.29,6951.13,7329.1,6553.41,7037.52,7081.76,6209.16,6917.09,6348.38,7000.4,5529.3,6638.25,7073.31,7352.83,7132.11,7100.24,6960.32,6590.19,6704.87,6734.49,6302.26,7325.21,6938.24,6549.21,7183.97,6825.85,5503.16,5394.82,6798.2,7148.05,5578.91,7074.8,7315.75,5444.59,6662.67,5337.55,7248.24,6739.0,7281.1,7432.65,7080.66,6887.65,6877.53,7125.06,6950.13,6647.57,6787.25,6921.23,7062.36,7005.92,6729.79,7010.17,6923.43,7211.37,6924.65,6838.69,7254.14,7206.68,6432.88,7323.21,7102.63,5887.11,5869.36
21,7556.07,7398.02,7577.41,5717.38,6945.54,7528.4,7079.78,7257.59,7297.58,7109.88,5987.42,5878.22,6685.56,5636.34,7382.03,7179.39,7443.47,7147.88,7615.42,7546.17,7640.27,7401.49,8388.77,7503.17,7241.59,7329.2,7442.99,6930.4,7480.83,7448.96,6853.57,8043.09,7369.29,7332.82,6975.7,7605.76,7301.39,7398.61,7505.29,7671.85,6523.32,5776.37,7476.95,7479.36,7719.06,7655.74,7550.95,7974.64,6068.4,7679.16,7473.92,7818.92,7076.99,7451.18,7275.85,7524.98,7224.39,7479.32,7579.91,7311.7,7281.56,5904.98,7431.43,7793.55,5810.23,6847.91,6735.31,7460.99,6774.24,7902.68,7481.62,7688.24,6200.59,5768.87,7364.4,6039.1,7345.59,7752.74,6928.8,7449.3,7499.34,6573.73,7324.38,6704.55,7418.76,5891.6,7026.24,7463.12,7780.97,7546.1,7535.97,7371.38,7001.14,7080.73,7140.55,6663.33,7768.08,7337.4,6936.04,7637.16,7219.72,5859.32,5740.59,7203.95,7565.11,5923.14,7497.49,7753.03,5786.55,7071.88,5662.63,7695.57,7141.18,7746.98,7872.6,7519.37,7295.11,7291.36,7534.51,7388.6,7067.25,7186.97,7326.07,7498.65,7425.07,7124.97,7411.87,7343.92,7650.74,7337.72,7250.32,7705.36,7620.13,6800.46,7756.79,7518.82,6255.54,6238.43
22,8010.67,7820.02,8020.51,6058.5,7327.33,7976.53,7486.59,7678.43,7747.13,7548.81,6366.33,6228.4,7088.2,5986.33,7811.56,7618.56,7853.48,7564.61,8073.02,7976.63,8082.77,7822.37,8866.47,7943.74,7642.18,7734.35,7878.65,7330.24,7933.46,7900.98,7235.15,8567.34,7806.88,7747.18,7362.63,8051.8,7714.24,7819.61,7937.28,8119.59,6882.2,6143.51,7900.79,7932.39,8167.25,8082.35,8012.84,8429.61,6445.48,8126.19,7924.93,8263.71,7514.27,7891.37,7697.33,7952.7,7668.04,7908.33,8044.22,7710.11,7676.2,6259.6,7846.66,8239.92,6161.62,7254.78,7136.41,7916.91,7146.13,8365.23,7908.74,8136.9,6574.33,6130.93,7816.09,6401.61,7746.63,8201.33,7323.03,7878.25,7935.59,6956.9,7740.56,7094.49,7864.95,6267.67,7425.69,7868.01,8222.46,7984.99,7983.58,7799.02,7427.08,7471.12,7557.65,7047.44,8212.68,7755.76,7331.3,8114.88,7634.23,6237.23,6094.57,7636.78,8002.5,6255.48,7913.39,8209.16,6136.95,7496.85,5996.79,8166.58,7557.29,8224.82,8331.95,7976.9,7728.44,7709.76,7990.31,7850.2,7499.66,7604.24,7751.16,7939.39,7855.46,7522.36,7829.8,7784.4,8105.48,7752.49,7667.08,8174.24,8086.2,7195.03,8192.4,7956.39,6653.51,6610.04
23,8467.82,8241.85,8457.42,6398.14,7725.9,8406.21,7912.95,8118.37,8184.08,7987.77,6745.46,6584.24,7478.02,6332.31,8240.18,8084.19,8281.39,7978.81,8545.1,8405.28,8542.83,8239.31,9324.64,8381.5,8035.1,8146.15,8312.85,7727.35,8402.47,8325.03,7619.03,9076.82,8256.07,8167.3,7747.77,8515.6,8133.93,8243.63,8360.3,8556.77,7233.72,6513.44,8325.35,8380.83,8602.22,8521.33,8474.37,8887.09,6802.73,8622.8,8360.92,8711.9,7951.14,8326.66,8110.63,8387.19,8064.28,8344.32,8523.11,8110.23,8060.72,6608.9,8289.48,8692.33,6515.33,7656.15,7534.95,8369.69,7518.89,8825.28,8340.15,8578.43,6952.59,6489.0,8271.84,6766.45,8149.33,8626.94,7696.49,8287.12,8381.27,7336.5,8158.99,7469.67,8302.43,6643.62,7830.76,8265.88,8663.61,8411.6,8439.92,8217.84,7853.9,7857.08,7970.03,7434.62,8660.34,8183.29,7727.9,8582.6,8036.05,6608.12,6469.9,8064.05,8438.82,6610.96,8348.08,8651.37,6491.8,7921.33,6333.76,8637.26,7947.86,8712.17,8799.31,8449.24,8130.9,8128.03,8447.6,8326.46,7919.63,8010.82,8164.42,8393.92,8285.73,7913.71,8235.61,8232.49,8563.97,8191.76,8071.46,8648.76,8517.23,7586.7,8631.54,8370.75,7022.24,6990.75
24,8898.91,8656.8,8893.96,6737.05,8107.88,8839.93,8333.64,8556.45,8645.22,8434.85,7126.34,6934.52,7882.48,6675.3,8689.04,8530.75,8709.08,8392.08,9008.7,8823.75,8976.79,8664.84,9795.74,8814.67,8439.89,8562.96,8747.03,8127.58,8872.34,8771.98,8009.42,9595.69,8693.39,8573.88,8128.67,8951.63,8552.51,8659.61,8776.77,8990.81,7605.76,6890.94,8752.66,8837.6,9051.96,8960.57,8948.07,9365.24,7164.73,9076.08,8798.93,9161.62,8405.02,8765.45,8538.86,8823.0,8491.55,8765.45,8977.17,8517.9,8441.52,6958.88,8732.37,9150.1,6873.59,8055.52,7937.44,8810.56,7886.7,9293.31,8791.15,8986.06,7338.45,6852.54,8740.41,7123.68,8504.17,9061.32,8079.18,8681.07,8799.04,7718.23,8570.51,7857.42,8744.28,7025.28,8224.39,8673.47,9092.32,8857.36,8873.06,8632.76,8303.95,8250.53,8384.19,7821.02,9097.87,8609.69,8128.53,9067.5,8429.74,6980.23,6833.7,8479.14,8851.21,6952.81,8788.79,9095.32,6841.6,8341.37,6669.72,9114.44,8338.51,9213.78,9258.77,8911.8,8544.87,8552.77,8908.71,8805.72,8360.53,8402.23,8593.64,8842.11,8731.72,8303.17,8650.64,8666.49,9018.58,8614.75,8479.89,9115.69,8961.08,7968.76,9078.21,8800.82,7403.22,7386.68
25,9346.87,9064.71,9338.11,7085.03,8495.91,9280.3,8749.24,9000.25,9073.26,8892.38,7505.27,7294.23,8280.66,7019.63,9132.87,8966.66,9144.94,8812.64,9457.13,9233.81,9413.42,9080.6,10273.31,9236.09,8840.62,8974.13,9174.46,8506.72,9313.45,9198.88,8399.92,10109.54,9144.41,8970.6,8503.77,9377.64,8982.75,9061.13,9193.83,9422.56,7952.81,7259.41,9169.44,9290.02,9484.28,9407.54,9413.97,9827.17,7528.24,9495.54,9248.91,9584.26,8863.66,9197.99,8955.14,9239.29,8936.37,9169.37,9453.55,8922.72,8824.45,7306.0,9170.2,9608.96,7230.97,8466.02,8351.56,9266.81,8251.94,9763.25,9225.32,9402.38,7712.47,7196.29,9196.51,7468.69,8888.48,9505.69,8450.1,9088.01,9226.92,8098.45,8977.63,8235.04,9187.25,7406.35,8601.84,9040.97,9513.92,9291.11,9307.38,9030.28,8711.34,8632.56,8803.75,8197.33,9552.83,9029.84,8516.42,9533.59,8870.27,7354.64,7195.4,8901.36,9283.89,7314.96,9200.39,9542.66,7199.25,8766.13,7003.48,9594.2,8736.37,9694.53,9709.19,9376.56,8961.98,8961.5,9360.04,9284.38,8796.02,8811.34,9016.8,9290.46,9171.14,8681.5,9051.32,9126.87,9480.48,9041.15,8909.52,9576.86,9404.68,8348.64,9525.65,9222.46,7792.08,7766.81
26,9759.18,9484.67,9767.85,7430.11,8890.65,9711.76,9137.53,9430.06,9485.74,9369.72,7893.05,7641.46,8680.39,7351.81,9573.3,9414.51,9560.4,9209.2,9927.59,9635.52,9844.18,9497.54,10750.52,9659.39,9220.67,9410.21,9598.74,8900.96,9783.53,9627.88,8774.47,10616.85,9585.5,9365.69,8879.37,9818.73,9404.98,9457.17,9599.84,9864.97,8300.71,7627.06,9585.27,9736.17,9920.5,9852.42,9881.54,10282.94,7889.29,9922.92,9683.04,10008.8,9308.24,9628.81,9392.15,9651.75,9399.45,9615.74,9944.97,9323.23,9201.08,7648.26,9559.9,10057.23,7588.52,8872.15,8731.86,9709.35,8619.73,10215.94,9663.46,9870.08,8090.98,7556.85,9643.92,7825.02,9276.22,9923.55,8808.79,9481.87,9657.35,8475.0,9390.13,8611.35,9616.73,7795.2,8979.54,9412.89,9936.41,9710.79,9749.33,9446.7,9126.26,9004.0,9217.36,8570.02,9989.1,9432.81,8913.25,10022.66,9271.68,7726.48,7551.51,9314.4,9698.25,7665.75,9615.19,9986.27,7541.77,9206.58,7340.82,10078.61,9130.65,10185.65,10184.54,9841.93,9374.66,9372.3,9798.71,9770.81,9222.77,9225.19,9413.53,9712.51,9607.67,9104.46,9450.8,9557.17,9940.84,9461.62,9327.09,10060.07,9821.4,8728.48,9965.92,9646.3,8180.41,8151.72
27,10181.69,9911.05,10215.9,7761.96,9278.26,10160.62,9537.47,9891.23,9927.29,9820.21,8282.64,7994.61,9079.69,7689.09,10014.11,9813.61,9993.45,9607.95,10391.5,10047.5,10282.17,9874.97,11204.66,10095.74,9606.09,9827.89,10019.22,9299.16,10206.09,10056.08,9157.12,11103.58,9999.92,9768.34,9269.37,10278.59,9813.9,9868.02,10006.62,10329.81,8652.24,7991.21,9997.56,10176.66,10336.99,10303.37,10365.48,10735.81,8267.18,10384.14,10125.72,10431.27,9744.65,10068.06,9806.52,10067.1,9870.66,10052.61,10412.86,9722.74,9588.25,7992.44,9963.68,10522.34,7956.95,9274.71,9124.68,10118.44,8990.15,10696.76,10096.97,10274.45,8470.28,7911.91,10098.08,8188.7,9657.14,10357.21,9207.63,9871.14,10077.13,8857.06,9804.48,8998.48,10059.38,8186.81,9358.93,9802.4,10362.89,10134.41,10203.77,9859.28,9558.05,9370.54,9631.39,8928.84,10418.5,9829.25,9298.38,10497.55,9651.79,8123.92,7915.35,9740.35,10118.33,8011.35,10032.43,10409.8,7906.98,9630.16,7676.27,10555.95,9533.25,10680.09,10624.34,10320.58,9806.22,9808.1,10265.72,10270.47,9654.62,9637.85,9816.65,10156.94,10054.88,9487.73,9858.54,9991.36,10424.9,9878.79,9746.38,10534.94,10224.29,9098.59,10410.77,10069.18,8559.31,8542.87
28,10585.11,10329.3,10642.24,8107.78,9651.12,10599.9,9937.08,10331.94,10382.1,10240.36,8669.64,8350.39,9489.14,8034.64,10456.3,10212.82,10381.99,10019.51,10848.28,10460.4,10705.8,10267.87,11664.88,10507.77,9985.38,10256.96,10434.76,9672.83,10651.65,10515.85,9530.28,11611.79,10416.94,10152.11,9644.63,10714.53,10230.25,10255.9,10409.01,10747.15,9001.23,8356.71,10395.36,10623.25,10778.28,10742.0,10829.85,11207.68,8627.46,10807.55,10537.96,10840.64,10191.72,10501.41,10235.97,10481.19,10321.0,10454.03,10896.37,10110.92,9970.57,8335.52,10356.65,10973.53,8315.08,9689.08,9506.28,10537.98,9352.73,11163.32,10542.93,10652.48,8845.35,8257.62,10548.88,8547.42,10023.45,10785.02,9568.36,10262.92,10497.92,9237.85,10215.83,9366.34,10504.73,8557.88,9746.68,10180.02,10789.06,10551.82,10635.09,10267.02,9963.06,9727.67,10041.64,9309.73,10833.78,10242.34,9684.47,10977.16,10043.07,8499.55,8276.05,10125.27,10544.72,8345.81,10425.4,10845.1,8262.46,10042.67,8011.49,11034.07,9913.17,11164.77,11062.92,10806.64,10206.84,10226.5,10730.99,10748.94,10088.63,10055.22,10214.2,10603.35,10472.45,9911.4,10248.66,10437.61,10882.14,10301.81,10173.53,11026.24,10643.23,9459.69,10849.09,10484.46,8943.55,8920.58
29,11050.73,10747.04,11047.99,8449.06,10018.22,11024.5,10362.95,10786.41,10802.47,10639.66,9050.77,8692.45,9873.26,8385.33,10892.93,10642.6,10791.64,10402.08,11264.39,10825.79,11135.15,10685.73,12117.3,10924.69,10355.2,10669.39,10874.73,10058.65,11080.48,10913.35,9923.69,12123.29,10834.69,10557.78,10019.28,11127.28,10633.69,10655.92,10817.35,11194.01,9357.97,8720.14,10806.67,11054.73,11185.49,11160.03,11297.7,11649.03,8989.21,11219.62,10971.92,11268.66,10613.65,10924.51,10655.38,10922.44,10702.66,10835.8,11356.58,10502.21,10333.45,8675.69,10756.51,11421.49,8662.29,10076.66,9913.97,10966.45,9703.56,11648.73,10994.85,11051.72,9222.09,8613.11,10981.77,8926.06,10429.23,11215.31,9922.9,10667.4,10910.66,9612.36,10617.91,9697.47,10961.25,8925.22,10103.78,10556.21,11209.05,10959.05,11079.01,10664.46,10390.67,10106.32,10440.34,9685.96,11262.06,10644.51,10065.48,11452.74,10442.39,8881.47,8634.62,10538.84,10955.84,8694.42,10857.3,11277.79,8599.52,10464.39,8346.71,11510.79,10318.15,11652.78,11528.49,11285.8,10640.89,10640.04,11192.58,11254.09,10543.35,10463.84,10603.23,11029.18,10889.55,10305.13,10629.19,10880.88,11350.68,10723.99,10583.63,11476.47,11096.52,9809.89,11287.74,10903.59,9318.61,9312.08
30,11484.56,11165.49,11474.43,8803.64,10402.75,11456.37,10767.47,11215.62,11200.24,11071.17,9426.96,9030.51,10279.39,8727.84,11355.11,11071.27,11209.68,10814.02,11699.37,11226.65,11525.22,11086.01,12622.54,11341.42,10735.05,11062.73,11292.35,10458.06,11546.45,11308.05,10295.92,12627.0,11256.84,10957.73,10393.04,11549.87,11019.97,11090.53,11175.22,11600.37,9689.64,9089.28,11202.97,11495.21,11613.98,11616.48,11779.36,12103.23,9328.91,11651.45,11391.79,11678.22,11077.41,11355.22,11046.13,11318.42,11066.97,11234.87,11825.34,10884.43,10696.94,9008.77,11159.68,11888.41,9020.85,10475.5,10282.43,11375.33,10050.45,12095.6,11427.03,11440.75,9610.89,8981.38,11410.35,9284.44,10806.17,11647.83,10285.98,11081.03,11359.94,9987.4,11022.6,10077.46,11411.74,9293.5,10490.06,10895.7,11622.23,11372.09,11509.64,11048.99,10846.53,10455.73,10858.21,10068.52,11671.67,11037.98,10436.45,11925.7,10882.66,9230.3,8994.87,10947.99,11369.11,9046.98,11235.43,11691.88,8943.67,10902.0,8675.63,11988.52,10713.44,12147.18,11950.69,11763.47,11052.97,11049.08,11644.7,11735.76,10958.24,10863.41,11011.68,11480.28,11275.63,10663.35,11032.44,11304.56,11786.52,11127.19,10995.41,11938.64,11499.89,10179.13,11724.73,11313.34,9693.93,9697.09
31,11843.38,11579.43,11898.15,9145.88,10781.83,11888.47,11173.81,11670.57,11574.05,11496.42,9774.68,9380.09,10681.46,9076.36,11801.39,11534.4,11627.7,11200.79,12175.64,11623.64,11969.09,11452.09,13077.29,11763.62,11112.05,11470.54,11732.29,10834.71,12002.26,11712.73,10667.52,13117.02,11681.05,11315.37,10759.16,11941.67,11427.13,11475.16,11551.26,12017.26,10029.65,9450.6,11595.77,11911.02,12029.24,12034.28,12246.44,12544.09,9690.85,12140.36,11827.5,12109.71,11528.01,11757.39,11469.76,11729.84,11452.09,11636.1,12278.52,11284.64,11079.03,9359.02,11579.38,12343.31,9350.02,10875.1,10659.45,11795.89,10390.87,12507.74,11855.62,11854.22,9983.6,9324.37,11862.7,9620.11,11163.02,12036.73,10637.92,11486.38,11780.45,10368.99,11427.71,10477.67,11816.46,9676.04,10875.75,11247.4,12028.18,11816.87,11949.78,11439.56,11285.79,10823.31,11301.42,10446.65,12073.45,11431.68,10805.44,12391.16,11242.67,9569.51,9376.82,11374.23,11783.87,9408.59,11620.72,12115.39,9303.71,11305.75,9017.67,12475.06,11069.91,12638.26,12354.8,12220.54,11447.86,11467.54,12138.16,12231.43,11379.21,11265.34,11403.06,11904.98,11651.33,11097.61,11415.27,11706.27,12241.52,11539.06,11362.95,12392.65,11903.86,10542.73,12182.59,11731.03,10065.91,10082.44
32,12332.08,11991.79,12323.7,9479.96,11165.78,12260.33,11566.54,12120.51,12027.68,11960.55,10148.9,9719.98,11079.62,9400.42,12246.39,11968.2,12045.68,11587.43,12653.16,12021.25,12414.86,11805.78,13539.13,12160.47,11493.3,11894.43,12169.23,11215.67,12441.27,12118.24,11025.65,13591.54,12125.73,11703.97,11120.39,12326.21,11795.31,11895.07,11959.92,12437.75,10344.48,9822.63,11989.55,12355.6,12447.06,12466.69,12708.84,13000.53,10033.03,12579.72,12266.33,12491.39,11946.8,12161.53,11860.51,12142.53,11852.77,12059.58,12724.49,11663.95,11442.94,9701.78,11961.62,12801.61,9718.64,11243.78,11052.12,12209.49,10746.05,12960.1,12276.39,12256.58,10349.95,9682.07,12282.19,9977.29,11565.54,12477.62,11037.42,11839.93,12185.0,10738.81,11819.77,10819.19,12232.63,10080.18,11266.59,11637.07,12418.98,12251.46,12380.46,11843.88,11680.85,11166.99,11708.55,10837.59,12508.46,11771.33,11164.8,12870.02,11685.01,9917.08,9737.98,11796.58,12202.49,9724.5,11981.37,12519.68,9673.43,11712.67,9353.98,12980.43,11472.51,13110.48,12818.38,12709.77,11816.61,11891.15,12591.16,12682.95,11793.29,11651.87,11783.9,12368.44,12066.2,11485.26,11793.69,12125.28,12714.74,11929.99,11750.1,12856.9,12369.95,10894.83,12591.89,12152.74,10476.42,10464.18
33,12700.89,12381.6,12727.5,9816.31,11553.64,12697.41,11959.94,12555.26,12434.05,12342.34,10565.91,10087.82,11463.14,9746.35,12702.69,12349.31,12459.19,11999.14,13103.43,12398.08,12874.11,12215.6,14024.8,12577.53,11876.12,12306.45,12585.97,11593.39,12844.92,12513.32,11399.05,14105.51,12532.29,12081.06,11484.29,12714.31,12165.26,12276.95,12320.39,12840.07,10683.21,10177.77,12361.83,12754.97,12836.82,12889.04,13180.84,13442.79,10412.23,13000.15,12703.44,12878.55,12428.75,12569.62,12303.89,12542.83,12259.91,12440.19,13219.6,12066.43,11799.67,10018.84,12371.69,13264.45,10068.31,11638.08,11452.66,12623.39,11062.15,13397.87,12735.92,12656.01,10726.93,10026.48,12705.92,10317.24,11909.92,12848.22,11390.05,12244.62,12607.15,11133.52,12201.16,11155.15,12722.83,10420.39,11663.14,12002.41,12843.52,12642.61,12810.67,12249.84,12111.1,11559.62,12124.92,11213.58,12926.86,12157.35,11533.07,13371.23,12077.51,10303.37,10099.73,12185.76,12618.6,10043.56,12427.21,12925.43,10026.7,12117.88,9682.15,13467.28,11826.3,13590.2,13227.9,13131.89,12167.58,12339.88,13014.76,13173.03,12207.87,12061.52,12143.98,12790.31,12509.18,11870.84,12171.71,12546.53,13153.98,12336.82,12160.25,13331.17,12815.94,11255.61,13013.71,12565.1,10816.96,10824.21
34,13067.04,12772.24,13113.55,10153.89,11907.04,13154.17,12351.3,12969.64,12853.43,12793.86,10912.88,10420.55,11844.79,10069.16,13122.73,12738.09,12888.2,12349.39,13564.09,12794.22,13274.45,12591.45,14485.68,12976.18,12264.94,12692.54,13002.42,11952.38,13260.73,12891.92,11763.21,14621.14,12977.11,12446.58,11844.47,13122.7,12559.27,12698.96,12742.56,13280.98,11003.11,10548.9,12757.74,13166.62,13254.08,13339.25,13663.13,13856.56,10759.34,13434.13,13125.88,13244.64,12868.84,12971.29,12674.53,12946.08,12618.6,12812.56,13658.65,12487.23,12160.85,10361.0,12771.49,13726.35,10412.64,12036.07,11785.47,13013.58,11409.72,13824.78,13172.29,13053.42,11091.75,10367.42,13136.24,10671.26,12297.67,13263.88,11765.65,12636.94,12999.64,11489.47,12603.86,11501.92,13156.51,10786.19,12046.12,12321.76,13264.6,13067.69,13242.49,12616.1,12521.61,11937.53,12528.62,11596.1,13328.4,12531.55,11905.35,13841.74,12427.11,10671.07,10481.71,12629.93,13039.86,10372.82,12820.58,13310.53,10365.61,12555.13,10026.09,13950.63,12208.96,14017.07,13659.85,13623.56,12576.1,12741.51,13458.62,13692.52,12638.41,12479.39,12556.33,13164.64,12952.82,12268.49,12546.29,12989.68,13623.39,12736.69,12561.74,13794.35,13266.13,11629.32,13418.67,12971.72,11213.84,11247.66
35,13454.29,13155.7,13534.2,10469.36,12279.97,13533.93,12715.78,13425.07,13299.6,13231.68,11304.51,10757.26,12232.75,10404.24,13558.41,13108.39,13295.97,12733.24,14008.34,13206.38,13687.47,12977.69,14947.9,13371.23,12646.26,13062.12,13390.15,12310.99,13663.75,13304.42,12144.17,15116.28,13354.08,12813.65,12186.12,13522.38,12962.64,13075.07,13114.75,13727.75,11400.52,10936.83,13105.06,13569.75,13594.32,13786.17,14163.81,14292.15,11104.98,13852.51,13522.56,13613.28,13338.96,13373.4,13081.31,13353.78,13031.61,13215.96,14127.28,12817.41,12520.51,10697.17,13227.55,14183.72,10737.59,12412.6,12128.95,13439.39,11747.99,14259.3,13598.38,13398.63,11449.45,10677.72,13548.72,11017.38,12660.83,13714.53,12105.45,13007.52,13410.8,11901.45,12970.2,11895.12,13591.13,11126.39,12402.32,12669.06,13693.64,13513.41,13639.2,13013.29,12930.65,12314.39,12954.71,11993.75,13721.6,12924.15,12239.24,14318.01,12877.17,11024.1,10856.26,12977.19,13453.41,10692.77,13166.89,13746.53,10717.95,12981.65,10356.54,14405.12,12576.08,14471.96,14088.08,14083.29,12981.93,13179.44,13945.66,14158.67,13043.02,12875.18,12943.8,13573.38,13357.15,12680.23,12910.09,13403.15,14085.12,13136.99,12947.67,14251.74,13703.24,11997.82,13833.14,13420.24,11565.24,11643.09
36,13840.54,13588.25,13960.51,10767.18,12615.51,14000.66,13141.25,13864.61,13728.63,13661.68,11683.24,11115.07,12655.46,10765.95,14021.83,13538.55,13647.09,13107.68,14469.12,13594.57,14122.21,13339.94,15432.52,13786.13,12988.93,13480.99,13828.13,12710.51,14073.2,13727.28,12536.93,15597.24,13741.59,13164.33,12554.93,13917.91,13303.89,13488.2,13492.58,14043.46,11717.45,11306.84,13472.62,13982.09,13975.93,14226.43,14615.88,14745.95,11480.72,14295.31,14030.73,14043.83,13789.96,13796.46,13510.56,13723.99,13432.68,13611.8,14612.84,13180.67,12880.99,11047.09,13697.58,14620.43,11107.19,12798.2,12485.16,13893.89,12073.22,14661.73,14055.97,13849.92,11831.92,11051.33,13942.47,11359.5,13018.53,14137.08,12492.45,13399.21,13803.03,12261.29,13363.69,12255.51,14076.57,11483.5,12786.77,12982.09,14073.91,13990.04,14073.84,13370.29,13451.78,12664.99,13336.49,12333.0,14109.22,13299.04,12620.98,14782.19,13313.49,11399.42,11213.53,13360.26,13848.69,11028.13,13578.14,14116.18,11002.03,13411.28,10679.48,14856.38,12948.74,14962.41,14537.57,14528.7,13332.82,13638.74,14333.56,14651.9,13474.43,13288.34,13306.67,14035.28,13781.76,13037.09,13322.08,13781.34,14546.28,13556.87,13351.39,14662.58,14104.62,12327.92,14234.16,13807.76,11920.14,12027.9
37,14255.49,13987.03,14367.19,11149.74,13020.63,14424.99,13538.8,14287.76,14217.57,14069.97,12077.9,11462.11,13067.95,11078.93,14462.74,13953.55,14086.09,13494.05,14905.98,13964.61,14534.56,13739.83,15901.86,14244.51,13386.9,13876.62,14231.17,13136.1,14521.63,14152.15,12894.57,16111.44,14188.29,13534.5,12920.59,14385.28,13685.83,13952.32,13930.73,14458.26,12021.02,11661.61,13872.89,14401.92,14432.8,14693.83,15116.05,15287.45,11797.6,14764.69,14424.16,14437.78,14271.43,14206.59,13889.44,14138.1,13866.4,14007.32,15071.55,13523.47,13259.83,11408.01,14059.3,15096.29,11455.04,13206.81,12882.18,14340.28,12424.59,15078.12,14487.64,14299.31,12228.67,11426.93,14405.41,11722.82,13390.7,14616.11,12883.87,13762.39,14272.88,12638.55,13744.01,12650.01,14580.12,11845.92,13161.57,13414.07,14490.87,14370.93,14488.48,13755.93,13869.96,13030.42,13715.51,12723.29,14549.71,13706.23,13019.78,15300.86,13706.42,11782.59,11554.17,13832.41,14261.02,11432.87,13915.2,14563.37,11364.8,13838.16,11016.59,15355.33,13299.28,15469.1,14970.73,14987.87,13725.47,14065.31,14848.89,15161.24,13901.01,13731.3,13705.53,14536.48,14195.35,13428.15,13695.62,14148.64,15014.04,14008.74,13773.15,15146.75,14549.67,12712.77,14674.08,14234.54,12322.61,12388.93
38,14814.68,14414.91,14823.02,11476.87,13436.14,14859.36,13977.31,14744.43,14643.58,14554.33,12469.2,11828.7,13503.74,11409.7,14931.23,14362.78,14536.41,13866.37,15383.54,14410.3,14991.91,14133.08,16341.07,14661.43,13769.53,14229.25,14637.35,13526.14,14973.08,14587.98,13283.45,16636.51,14604.93,13893.93,13316.65,14842.97,14076.6,14350.41,14282.02,14966.95,12328.15,12039.83,14281.9,14785.65,14888.6,15157.23,15591.46,15758.05,12183.68,15256.95,14856.71,14797.04,14615.5,14636.5,14335.76,14545.33,14406.63,14457.53,15604.28,13923.68,13626.45,11765.21,14522.25,15571.41,11830.15,13625.96,13278.02,14745.0,12751.9,15545.24,14952.65,14670.56,12648.62,11761.98,14838.16,12090.84,13802.22,15080.52,13297.28,14083.3,14699.28,13011.71,14183.99,12975.01,14945.68,12232.73,13517.01,13725.87,14868.99,14766.06,14913.79,14130.36,14304.94,13397.52,14120.87,13072.71,14969.26,14128.77,13385.2,15775.27,14079.06,12161.56,11947.13,14221.42,14715.83,11751.51,14300.98,14950.78,11708.8,14293.95,11349.54,15804.84,13690.26,16008.8,15348.65,15465.42,14201.63,14508.82,15336.37,15677.33,14307.11,14174.09,14112.9,15014.87,14584.57,13772.71,14087.35,14614.45,15500.3,14473.91,14209.87,15571.31,15018.48,13075.42,15078.63,14695.33,12761.66,12775.91
39,15284.02,14814.58,15223.54,11829.65,13872.24,15331.15,14421.63,15256.73,15072.95,15035.11,12895.63,12190.39,13909.82,11756.22,15415.84,14712.76,15021.85,14228.58,15900.37,14808.13,15393.49,14446.14,16816.61,15094.65,14152.79,14642.08,15069.5,13969.92,15414.37,14969.91,13691.82,17219.7,15041.6,14312.53,13666.85,15332.09,14478.17,14698.25,14749.52,15375.58,12635.11,12430.59,14708.31,15243.05,15299.71,15626.98,16119.45,16313.84,12570.38,15745.26,15311.39,15165.0,15115.9,15033.28,14728.11,14937.82,14949.68,14864.9,16146.81,14420.84,13969.76,12147.06,14972.24,16014.05,12203.56,14050.79,13694.58,15168.31,13119.58,15976.82,15411.43,15154.06,13051.2,12106.31,15238.29,12425.06,14225.0,15531.44,13698.71,14416.52,15164.48,13371.01,14557.77,13427.56,15409.93,12611.32,13825.33,14008.95,15297.52,15171.77,15285.44,14548.82,14787.92,13755.47,14535.04,13358.97,15444.42,14500.06,13781.5,16318.32,14513.13,12545.58,12303.83,14717.06,15121.37,12063.42,14702.04,15382.74,12078.5,14712.27,11705.65,16296.35,14155.73,16541.73,15783.6,15907.86,14646.26,14880.28,15712.67,16192.91,14800.79,14596.81,14515.75,15372.96,15017.03,14207.57,14511.44,14956.06,15977.49,14924.4,14566.66,15995.28,15539.09,13491.02,15533.84,15154.35,13143.27,13185.0
40,15808.15,15255.26,15624.97,12220.86,14218.05,15805.32,14822.13,15699.78,15599.7,15537.48,13276.18,12563.79,14329.59,12087.54,15847.66,15173.91,15422.2,14654.85,16329.82,15236.56,15838.37,14802.22,17265.46,15563.94,14545.44,15109.36,15526.53,14337.72,15865.38,15332.72,14063.69,17730.16,15504.74,14720.55,14054.85,15711.06,14831.11,15149.71,15068.24,15767.5,12897.68,12809.64,15149.01,15692.8,15661.38,16094.82,16591.8,16868.17,12960.93,16137.57,15700.88,15599.25,15349.02,15422.78,15109.15,15386.39,15461.09,15262.7,16562.55,14809.49,14331.62,12526.43,15403.53,16502.46,12560.21,14462.68,14054.07,15634.56,13473.63,16472.74,15887.78,15492.29,13495.31,12462.01,15627.36,12842.11,14592.07,15962.41,14105.6,14823.74,15586.6,13779.85,14953.26,13861.06,15905.49,12974.8,14249.93,14448.2,15576.63,15553.24,15768.64,15010.07,15147.11,14148.94,14913.26,13680.17,15889.47,14863.67,14222.9,16885.92,14976.79,12922.44,12646.16,15125.06,15580.56,12447.52,15145.37,15873.07,12357.15,15123.85,12048.16,16771.33,14565.0,17125.88,16296.28,16353.67,14976.66,15318.84,16209.48,16656.97,15171.63,14993.05,14945.43,15825.5,15410.12,14577.5,14889.42,15277.62,16475.61,15401.7,14876.97,16509.23,15997.12,13836.04,15949.21,15579.47,13584.12,13558.19
41,16341.79,15689.16,16007.0,12467.23,14489.74,16227.43,15282.67,16187.92,15993.78,16072.4,13638.34,12900.57,14780.16,12365.9,16302.73,15578.49,15927.62,15028.01,16797.02,15599.84,16231.04,15200.83,17746.86,15987.25,14888.94,15390.24,15911.62,14711.38,16295.82,15699.78,14442.7,18248.6,15912.07,15027.93,14415.55,16085.94,15218.97,15625.96,15431.85,16145.74,13147.04,13148.23,15548.17,16111.42,16083.0,16560.09,17034.44,17365.33,13346.7,16608.44,16121.67,15956.51,15743.17,15791.05,15515.79,15789.25,15838.33,15756.08,17031.8,15191.78,14684.21,12852.89,15856.69,16928.1,12925.28,14860.37,14415.89,16117.77,13849.28,16931.71,16363.8,15928.57,13898.92,12848.53,15982.92,13266.38,14977.14,16449.33,14491.03,15114.06,16001.59,14173.19,15319.36,14310.9,16368.03,13354.39,14688.62,14899.39,15993.02,16072.81,16265.35,15418.05,15629.3,14524.22,15323.67,14060.66,16307.47,15346.68,14543.63,17398.43,15366.83,13322.36,13001.68,15574.73,16102.59,12787.08,15591.6,16325.55,12714.66,15526.77,12431.75,17243.07,14979.09,17526.83,16760.27,16809.26,15523.23,15728.07,16692.08,17135.56,15660.31,15483.18,15333.38,16205.33,15849.34,15003.08,15286.77,15690.7,16939.29,15842.01,15309.4,16912.46,16364.74,14134.36,16362.32,15958.68,13949.18,13986.56
42,16643.75,16134.58,16353.63,12806.28,14911.4,16580.86,15659.49,16603.56,16557.54,16555.38,14082.6,13293.44,15216.92,12719.04,16824.56,16129.19,16397.51,15469.1,17268.22,15924.67,16577.81,15461.66,18223.39,16328.92,15260.95,15696.83,16350.06,15133.2,16639.75,16126.81,14804.82,18722.7,16312.56,15429.1,14835.23,16409.17,15679.1,16038.62,15796.38,16638.58,13519.24,13510.91,15917.38,16428.24,16470.2,17009.87,17495.96,17892.62,13809.71,16963.98,16699.6,16304.77,16127.55,16217.02,15871.38,16272.6,16246.46,16114.1,17501.35,15480.18,15054.23,13162.56,16391.2,17396.64,13221.31,15298.34,14885.43,16637.98,14195.47,17378.29,16896.55,16372.78,14272.08,13197.61,16365.54,13630.33,15131.2,16959.98,14781.72,15446.45,16391.69,14546.98,15702.75,14634.36,16777.89,13711.67,15007.61,15356.88,16388.89,16456.85,16730.09,15833.1,16127.2,14869.34,15718.47,14410.06,16800.73,15868.92,14864.69,17859.22,15722.9,13707.6,13371.29,16026.68,16591.36,13055.58,16007.45,16789.71,13019.05,15947.85,12770.1,17743.73,15440.29,17992.85,17166.58,17373.4,15854.95,16166.44,17195.02,17689.12,16079.43,15862.53,15697.08,16585.01,16145.63,15509.74,15764.54,16184.46,17471.26,16310.54,15702.08,17344.05,16784.96,14572.17,16800.74,16397.02,14349.67,14369.85
43,17019.17,16606.06,16680.19,13039.88,15287.63,17115.26,16026.16,17127.78,17102.94,16976.78,14479.87,13658.36,15577.76,13058.97,17242.87,16494.98,16802.04,15859.06,17819.72,16278.31,16995.79,15706.39,18634.03,16744.64,15533.58,16016.25,16854.94,15523.72,17116.27,16475.11,15061.83,19183.46,16759.36,15837.33,15208.47,16777.93,16054.22,16443.32,16224.81,17003.9,13858.0,13872.23,16284.88,16719.38,16824.92,17522.49,18000.52,18361.77,14259.33,17500.26,17245.42,16720.23,16373.95,16617.43,16151.06,16611.12,16620.7,16492.5,17913.37,15796.3,15455.0,13440.85,16865.65,17819.93,13546.31,15692.22,15179.2,17088.26,14565.64,17736.56,17310.31,16659.08,14665.15,13572.57,16855.91,13914.52,15537.14,17294.71,15071.28,15926.09,16827.0,14870.34,16127.33,15019.56,17220.33,14049.82,15323.81,15388.55,16878.12,16906.85,17096.84,16106.55,16520.3,15156.52,16187.19,14720.39,17202.13,16217.87,15295.51,18420.35,16001.24,14031.42,13742.78,16251.41,16908.25,13476.88,16356.93,17210.99,13296.09,16426.56,13063.79,18196.14,15964.34,18452.97,17612.9,17821.87,16201.5,16631.94,17759.66,18152.73,16500.76,16290.03,16055.78,17060.09,16622.03,15938.66,16203.07,16546.27,17966.36,16662.5,16081.1,17803.69,17114.96,14853.82,17232.19,16699.2,14746.85,14717.26
44,17675.21,17043.48,17033.48,13341.92,15648.95,17627.89,16353.22,17598.78,17475.27,17677.72,14824.67,13971.3,15954.81,13340.31,17745.07,17091.45,17250.34,16273.04,18170.24,16684.3,17353.73,16011.08,19111.81,17128.0,15958.97,16248.45,17284.92,15917.82,17481.79,16784.53,15527.43,19620.83,17177.07,16208.99,15649.18,17072.64,16449.31,16905.49,16552.98,17430.81,14136.32,14221.56,16696.23,17132.85,17300.95,18091.52,18449.19,18808.2,14650.07,17938.28,17450.69,17103.36,16805.51,17057.99,16654.4,16976.1,17020.3,17040.8,18269.32,16490.29,15817.75,13781.52,17191.8,18267.01,13816.51,16127.5,15610.08,17522.95,14898.79,18168.7,17705.4,17069.95,15035.15,13957.78,17176.17,14279.9,15808.52,17760.33,15584.65,16327.97,17258.7,15170.37,16582.54,15320.79,17643.4,14493.65,15619.79,15647.44,17263.13,17349.09,17452.94,16496.2,16863.91,15519.27,16615.04,15172.98,17560.21,16580.39,15674.48,19013.24,16404.03,14358.41,14083.75,16609.81,17212.34,13842.06,16714.45,17650.41,13567.26,16847.67,13449.95,18677.26,16247.39,18856.9,18166.6,18225.54,16476.06,17121.75,18151.65,18596.66,16905.29,16631.5,16332.29,17383.19,16949.8,16262.21,16627.36,16867.21,18435.98,17094.28,16414.75,18258.01,17605.0,15306.43,17709.89,17072.64,15110.13,15136.45
45,18103.51,17475.5,17505.45,13687.5,15901.12,18006.1,16824.46,18129.45,18003.54,18347.52,15292.33,14363.27,16457.8,13686.26,18123.25,17549.48,17753.37,16600.49,18663.1,17044.09,17841.08,16302.06,19634.14,17692.59,16401.11,16659.38,17817.66,16207.29,17875.45,17220.62,15909.92,20154.59,17555.8,16504.96,16028.99,17256.73,16947.69,17294.3,16957.23,17839.58,14389.16,14572.62,17115.29,17653.0,17633.64,18497.75,18927.82,19247.7,15024.71,18412.51,17950.67,17693.3,17186.11,17508.56,17028.7,17415.14,17500.26,17526.08,18751.16,16939.62,16202.19,14183.91,17762.11,18698.12,14063.08,16548.48,16067.71,17917.28,15292.18,18620.63,18230.88,17494.82,15404.84,14263.29,17728.81,14581.9,16241.1,17924.0,15825.33,16650.46,17663.94,15572.68,16922.98,15641.18,18159.29,14870.5,16014.84,15990.13,17607.01,17589.11,17817.54,16991.59,17255.23,15891.61,16874.77,15503.37,18032.44,16730.74,15975.77,19403.99,16495.08,14671.03,14456.35,16925.31,17627.02,14162.9,17122.57,18130.9,13959.46,17334.91,13767.23,19136.2,16711.25,19263.28,18658.21,18749.48,16935.98,17525.91,18662.77,19090.3,17144.61,17044.26,16744.28,17781.87,17412.39,16629.68,16943.12,17264.67,18816.07,17447.73,16765.83,18704.49,18256.14,15620.98,18133.16,17318.16,15433.09,15529.43
46,18563.27,17833.65,17990.18,14032.59,16313.99,18353.38,17210.83,18531.05,18485.4,18970.04,15760.88,14669.65,16915.57,14039.49,18594.61,17932.49,18106.1,16874.38,19238.89,17370.81,18155.06,16672.57,20103.09,18009.95,16878.83,17166.13,18126.58,16477.83,18384.75,17600.53,16189.65,20604.92,17977.27,16810.24,16332.77,17679.05,17307.86,17604.94,17267.31,18273.69,14513.73,14917.61,17446.34,18117.45,17863.86,18999.52,19463.54,19691.74,15471.13,18706.74,18266.14,18102.47,17854.94,17919.05,17540.08,17702.78,17990.92,17818.33,19378.91,17469.53,16527.65,14493.77,18256.95,19221.07,14428.01,16971.48,16427.94,18170.45,15683.1,18936.71,18573.42,17715.04,15793.54,14678.13,18190.56,14955.56,16645.29,18399.47,16290.03,17062.32,18073.26,15899.89,17249.7,16127.82,18572.3,15269.26,16336.8,16229.31,17980.58,17986.95,18160.25,17443.68,17728.85,16376.36,17328.05,15919.99,18281.77,17195.27,16262.44,19912.48,16722.25,15045.19,14752.25,17417.75,18080.8,14520.66,17645.07,18439.9,14237.31,17787.91,14036.22,19578.7,17268.72,19594.29,19244.81,19242.31,17382.0,17930.47,19071.6,19614.05,17583.42,17371.5,17073.36,18262.98,17837.55,17208.43,17299.65,17785.95,19119.18,17903.6,17085.1,19217.92,18781.1,15930.17,18601.03,17696.82,15929.55,15844.25
47,18974.05,18151.79,18381.34,14489.89,16502.65,18540.89,17594.39,18881.45,18944.58,19424.28,16050.16,15083.67,17312.01,14267.75,19088.38,18286.8,18486.44,17347.17,19881.19,17885.25,18768.38,17044.67,20590.2,18370.54,17130.13,17538.72,18674.35,16819.28,18637.65,18017.11,16599.52,21110.37,18235.94,17171.38,16800.86,18248.63,17622.71,18041.3,17553.43,18621.7,15099.5,15334.91,17834.62,18587.69,18569.59,19481.59,19809.72,20009.39,15846.23,19229.54,18805.74,18529.98,17945.21,18185.07,17869.62,18121.89,18419.15,18224.53,20079.3,17917.34,16827.42,14778.17,18612.16,19705.16,14775.56,17289.49,16764.06,18488.65,16024.96,19510.6,19118.34,18305.56,16156.08,15061.22,18542.93,15266.24,16702.71,18647.5,16879.9,17544.38,18463.18,16183.6,17366.29,16527.06,19112.32,15689.49,16769.62,16735.92,18351.13,18441.9,18615.08,17791.52,18192.13,16651.85,17532.04,16321.78,18759.35,17556.84,16563.19,20478.01,17020.94,15389.18,15118.7,17833.51,18290.23,14852.18,18050.2,19103.83,14680.95,18219.39,14348.14,19992.04,17768.78,20152.13,19549.68,19713.39,17750.59,18190.92,19571.36,20084.54,17878.75,17858.96,17536.72,18518.49,18232.25,17543.78,17664.09,18068.75,19551.6,18484.76,17542.37,19616.88,19315.35,16398.14,19031.24,18221.71,16399.76,16203.37
48,19387.25,18497.59,18878.1,14816.92,16821.79,18957.76,18065.85,19371.66,19066.52,19931.62,16430.35,15440.35,17765.6,14561.94,19490.91,18565.77,18940.83,17819.48,20261.09,18145.72,19125.64,17497.52,21038.06,18680.81,17519.94,17475.09,19207.44,17297.16,19100.36,18245.63,17032.78,21643.8,18629.59,17661.0,17178.88,18800.06,17969.98,18515.69,18081.48,18982.33,15354.76,15697.61,18049.69,18675.2,18895.64,19919.34,20376.85,20380.54,16235.89,19817.37,19185.76,18883.58,18215.27,18623.41,18271.64,18513.01,18846.63,18573.54,20614.07,18175.76,17163.4,15078.89,18966.43,20037.21,15002.78,17709.66,17009.64,18932.56,16252.99,19875.44,19509.72,18666.83,16526.31,15362.63,18810.75,15468.11,16935.02,18982.5,17186.39,18138.0,18857.44,16505.87,17744.11,16749.58,19122.17,16028.19,17191.42,17060.08,18756.18,18764.16,19013.46,18301.36,18326.09,17148.26,17878.08,16864.16,19153.29,18102.81,16892.03,20815.36,17067.92,15769.42,15374.23,18147.61,18834.88,15194.86,18347.59,19495.0,14872.13,18657.95,14686.69,20527.94,18122.55,20527.43,19862.03,20226.03,18205.81,18563.47,20144.24,20456.26,18280.87,18273.22,17808.59,19228.38,18574.96,17876.81,17985.89,18268.02,20029.38,18943.71,17957.24,20108.55,19543.48,16851.7,19357.61,18574.74,16656.63,16568.32
49,19803.3,18865.72,19575.09,15087.21,17086.46,19302.32,18551.73,19837.76,19469.28,20627.27,16814.96,15754.86,18125.74,14798.22,19930.28,18755.09,19476.0,18266.95,20439.63,18545.62,19690.54,17882.5,21405.49,19119.94,17825.06,18156.48,19635.6,17592.2,19576.31,18753.19,17175.62,21972.15,18864.89,18096.32,17592.13,19240.88,18526.28,19075.93,18385.2,19365.77,15451.36,15948.36,18431.99,19065.26,19220.53,20390.04,20890.81,20772.08,16619.24,20092.31,19636.62,19326.36,18485.6,18973.5,18661.03,18854.7,18981.5,18889.34,21125.31,18675.68,17534.25,15438.76,19385.56,20437.33,15436.79,18231.9,17326.87,19375.46,16529.51,20337.49,19970.83,18997.24,16760.24,15807.87,19174.09,15893.19,17037.26,19405.83,17369.27,18429.89,19356.16,16967.8,18210.09,16926.88,19686.42,16361.74,17457.18,17282.57,18894.85,19233.9,19447.05,18647.23,18695.33,17593.85,18544.69,17222.58,19516.8,18598.87,17303.96,21327.1,17472.15,16171.11,15946.92,18740.88,19111.22,15572.36,18866.7,19812.1,15266.9,19200.28,15054.33,21067.61,18484.11,21009.43,20184.02,20547.88,18589.57,18993.13,20566.3,20867.82,18604.44,18798.5,18423.29,19743.93,19102.17,18120.28,18425.62,18573.98,20567.3,19768.29,18144.61,20526.84,19913.36,17137.14,19700.44,19013.71,17245.98,16770.55
50,20317.86,19279.98,20027.87,15543.94,17446.36,19816.47,18798.2,20426.25,19960.12,20750.55,17086.21,16131.64,18365.56,15057.04,20310.4,19280.28,19671.8,18809.31,20956.94,18864.75,19981.74,18315.7,21908.7,19595.53,17974.07,18426.4,19942.89,17895.24,19923.67,19312.04,17623.17,22315.25,19425.11,18485.77,18034.06,19868.7,18848.33,19495.76,18790.5,19716.04,15838.2,16319.39,18723.65,19672.1,19470.26,20999.42,21440.13,21268.78,17058.36,20267.61,20009.76,19449.69,18849.95,19381.63,19122.94,19240.22,19369.86,19339.77,21659.88,18951.67,17863.41,15847.01,20197.95,20953.35,15770.81,18680.21,17578.43,19623.42,16961.59,20672.08,20314.3,19638.21,17146.68,16181.67,19505.34,16237.94,17472.04,19870.31,17190.45,18710.5,19657.42,17302.68,18545.39,17179.38,20169.65,16784.99,17688.67,17302.41,19380.55,19553.09,19774.24,18931.6,19386.33,17814.24,18907.05,17739.57,19804.31,18911.27,17683.6,21664.77,17845.92,16565.94,16210.82,18787.95,19433.6,15903.46,18963.2,20480.11,15590.58,19694.04,15412.5,21618.93,19001.31,21440.91,20495.84,20967.89,19051.33,19421.98,20941.58,21264.08,18974.69,19229.84,18665.68,20029.44,19182.97,18466.05,18775.86,19235.41,20825.41,20627.08,18468.78,21115.84,20133.21,17147.85,20175.85,19449.54,17267.51,17201.59
51,20586.2,19675.52,21067.7,15818.84,17846.11,20624.61,19067.49,21013.45,20507.63,21664.41,17614.22,16459.73,18896.94,15366.56,20831.39,19521.43,20072.79,19328.57,21210.88,19405.29,20302.56,18750.78,22552.13,20073.06,18417.74,19037.79,20458.43,18149.81,20247.87,19729.82,17891.51,22757.29,19803.82,18922.64,18406.15,20186.64,19417.76,19913.97,19059.35,19953.42,15949.86,16734.15,19098.88,19942.45,19600.91,21695.56,21778.0,21888.0,17647.98,20786.38,20457.78,20152.43,19117.46,19834.05,19096.36,19747.37,19151.82,19493.54,22306.11,19357.89,18358.2,16141.2,20689.59,21487.96,16144.9,19149.82,18082.95,20090.32,17258.36,20825.79,20685.06,20833.93,17648.45,16551.27,19999.08,16573.17,17647.82,19101.89,17594.6,18909.15,20058.54,17679.41,18718.74,17502.68,20413.23,17163.96,18069.75,17811.8,19722.7,20298.78,20042.2,19355.04,19868.67,18100.61,19213.8,17955.12,20293.55,19400.85,17965.3,22238.39,18274.25,16863.5,16730.54,19068.9,19901.31,16343.11,19280.38,20777.9,16106.04,20046.78,15652.15,21955.82,19315.2,21864.2,20867.68,21382.03,19940.94,19816.53,21417.51,21703.36,19375.16,19628.02,19518.03,20591.73,19480.65,18928.12,19041.75,19594.04,21317.05,21288.03,19008.86,21706.46,20355.77,17534.84,20735.27,19961.95,17771.65,17455.13
52,20843.4,19896.07,21541.0,16158.74,18252.86,20881.55,19495.81,21341.69,20881.92,22031.79,17852.61,16813.61,19225.5,15585.7,21254.69,19721.57,20702.65,19745.91,22802.07,19859.66,20737.23,19013.84,22971.83,20403.81,18552.0,19412.38,20855.53,18348.32,20411.17,19880.29,18248.64,23522.68,20230.76,18988.57,18860.88,20561.04,19881.15,20210.28,19723.55,20365.54,16310.5,17088.09,19469.21,20204.84,20525.32,22243.33,22181.81,22308.43,18133.62,21091.05,20833.76,20476.22,20255.33,20142.5,18960.5,20150.6,19214.21,19518.47,22816.67,19542.73,18529.6,16577.62,21135.08,21917.86,16527.06,19533.74,18397.94,20729.0,17855.5,21287.08,21064.9,21238.9,18020.61,16795.25,20183.82,16743.43,17485.38,19624.33,17784.0,19474.82,20298.43,18195.88,18934.83,17832.76,20807.06,17375.86,18501.57,18059.85,20251.42,20399.42,20205.6,19312.61,19915.64,18500.43,19734.89,18280.3,20836.37,19567.69,18422.17,22413.33,18557.71,17021.56,17120.73,19332.0,20304.97,16616.05,19440.11,21135.79,16737.65,20391.24,15984.25,22350.51,19538.17,22367.82,21107.76,21751.15,20567.73,19987.04,21792.22,22170.44,19746.56,20035.58,20092.5,20280.6,19993.55,18723.89,19251.04,20378.61,21788.55,21801.26,19501.05,22048.54,20444.0,17906.23,20851.76,20553.63,18408.23,17863.45
53,20675.67,20535.42,21632.58,15979.27,18325.1,21630.64,19712.82,21858.38,21583.5,22314.38,18256.71,17244.44,19783.89,15819.1,21711.67,20110.71,21200.72,20091.86,23471.9,20189.52,20762.4,19120.21,23534.82,20974.61,17953.71,19533.5,21389.72,18713.07,20870.39,20542.62,18847.58,24400.1,21204.36,19808.35,19344.28,21447.11,20706.15,21135.2,19852.75,19994.89,16646.5,17390.2,19687.2,20849.46,21081.63,22730.94,22728.48,22379.86,18237.71,21534.42,21593.64,21021.78,20151.75,20532.25,18905.09,20730.58,19451.3,19843.67,23350.38,19775.46,18762.96,16902.81,21510.13,22387.86,16697.0,19707.92,18771.77,20866.3,18191.0,21977.72,21772.64,21414.44,18151.02,17340.19,20556.22,17086.7,18315.08,19358.33,18158.29,19531.77,20545.62,18289.89,19209.43,18345.43,21267.83,17832.28,19035.67,18137.82,20663.41,20645.86,20480.9,19833.76,20501.45,18838.73,20073.73,18344.4,20840.0,19319.14,18625.18,23244.8,19558.2,17260.08,17475.61,19567.89,20757.48,16745.57,19662.18,21615.83,17333.23,20890.18,16175.16,22593.38,19864.71,22871.84,21501.93,22100.63,21664.22,20610.69,22359.63,22618.47,20398.92,20588.63,21274.08,20299.09,20315.94,19263.63,19525.76,20490.29,22532.75,22055.84,19733.28,22266.07,21314.5,18495.9,21306.7,20595.21,18207.41,18216.08
54,21570.0,20864.14,21815.64,16072.58,18796.69,22218.4,19666.0,22095.76,22169.14,22251.3,18822.3,17448.48,20282.16,16083.83,21902.37,20836.0,21686.26,20671.34,24334.57,20573.57,20837.47,19855.27,23593.0,21224.76,18186.67,19715.5,21733.08,18918.3,21415.28,20984.68,19141.13,25305.93,21529.04,20313.2,19307.89,21888.29,21416.8,21670.21,19993.46,20349.57,17497.6,17776.6,19971.5,21327.41,21151.55,23538.34,22983.51,22917.5,18631.53,21701.5,21616.13,21513.25,20098.0,20655.05,18833.75,21149.76,19680.33,20205.5,23551.93,20402.5,19128.67,16993.89,21965.0,22954.89,16858.35,19947.8,18836.32,21019.82,18482.92,21993.88,22323.4,21163.57,18752.81,17651.5,21161.12,17565.63,18543.14,17030.0,18395.8,19893.09,20575.63,18460.43,19811.78,17903.5,21001.0,17893.76,19275.0,18527.13,20781.06,20845.63,21090.63,20288.1,19618.0,18939.64,20315.0,18639.1,21854.45,19928.33,19278.75,23475.46,20027.25,18000.83,17761.4,20433.0,21234.91,17018.67,19999.44,22396.5,17472.1,21050.97,16536.56,23316.26,20215.86,23447.76,21954.27,22185.86,22186.5,20109.7,22454.58,22967.45,20783.21,20891.1,22080.64,20887.5,20730.75,19347.43,19418.44,20527.57,22988.14,22288.17,20012.57,22853.88,20927.0,18701.95,21706.67,20519.07,18704.29,18468.45
55,21952.0,21480.22,21974.9,15940.8,19472.46,23483.4,20563.9,22617.85,23723.4,22649.67,19211.0,17583.88,20490.67,16742.79,22411.83,21692.67,21885.65,21042.41,24612.29,20872.0,20919.36,19840.78,23766.26,20919.22,18364.25,19791.67,22211.42,19209.0,22064.88,21430.53,19609.82,26114.14,21295.39,20269.0,19630.9,22852.92,22407.86,22970.5,20160.82,20493.0,17795.8,18490.43,20441.13,22647.42,21713.2,23887.76,23416.59,23883.0,19303.0,21933.29,21970.83,21750.9,20517.5,20926.26,21283.67,21404.56,19141.33,20570.11,23373.36,20720.1,19450.23,17467.45,22322.67,23304.75,17481.19,20054.31,18555.18,22029.94,18968.94,22298.88,22408.11,21106.75,18879.17,18137.88,22047.94,18247.46,18623.0,17477.0,18333.0,20243.0,21123.17,18621.5,20349.0,18217.88,21494.63,18360.54,19645.1,19008.8,20665.2,21474.94,21385.55,20868.67,20032.17,19524.4,20743.81,19202.38,22875.13,20246.4,19252.78,23656.56,20579.25,18371.92,18371.71,21020.0,21633.82,17862.57,19969.86,23345.89,17692.11,21362.72,16888.5,23571.13,20665.4,23980.38,22552.62,22536.46,21543.4,20668.83,22287.0,23266.93,21309.04,21447.08,22284.0,21360.4,21402.1,19818.67,19810.94,20820.73,23800.42,22635.56,20207.2,22906.81,19884.0,18831.08,22218.03,19892.67,19363.25,18912.21
56,22526.0,21906.52,22404.5,16616.33,19828.91,24023.67,21186.4,23113.0,26101.0,22972.29,20106.25,18453.58,20572.56,17234.67,22550.47,22066.0,22062.5,21477.92,25485.2,21256.33,21407.92,20078.56,24225.21,21339.55,18933.0,20280.17,22356.9,19798.0,22631.43,21837.58,19665.1,26053.5,21921.69,20931.0,19000.78,23355.67,22574.0,22324.29,21387.5,19831.0,17361.0,18574.65,20671.29,22993.47,22547.71,23555.2,24199.2,24481.33,19767.13,22164.17,22292.5,21659.0,21001.67,21298.73,21616.67,22349.76,19315.67,21727.17,24803.88,21087.71,19943.15,17780.08,22412.2,24130.45,17639.42,20259.32,18870.83,22563.73,19193.83,22576.21,22924.77,22261.33,19164.35,18619.23,21866.27,18805.0,17679.5,nan,18583.0,20311.33,21323.2,19055.28,20451.09,18889.0,21997.14,17869.5,20221.5,19261.25,20705.43,21794.0,21791.94,21513.57,20404.5,19648.0,21041.42,18893.44,22808.33,20567.0,18911.6,22726.0,21022.0,18661.6,19120.09,20263.5,21978.1,18162.0,19796.67,25549.5,18533.4,21805.48,17155.6,23982.92,21032.2,25102.45,22817.0,23233.55,23040.75,20258.0,22880.67,23782.03,21770.4,21333.93,23190.14,22300.25,22051.75,20691.33,20099.0,21192.38,23726.38,22966.57,20610.94,23217.8,20172.0,18798.18,22502.6,19954.71,19074.9,19271.0
57,22649.0,22092.24,21710.43,17385.75,20787.0,24229.0,23679.67,23523.33,26457.0,23529.57,20477.3,18867.38,20895.36,17949.86,22984.4,22680.0,22414.69,21879.42,27078.5,21410.44,22125.56,20536.29,23663.08,21898.87,19225.75,20533.17,22285.22,20572.6,22417.82,22166.11,20333.57,26136.27,22542.6,21172.75,18862.4,23782.67,22981.0,23082.8,21846.4,nan,17622.0,18541.0,21022.42,23830.08,22814.71,24084.95,24579.85,24791.0,20512.8,22462.25,21942.8,21574.71,20376.4,21729.23,21372.0,22768.27,19515.67,23263.33,25229.75,21022.33,20591.5,17988.25,22760.0,24092.18,18292.5,20896.24,18857.4,23129.43,18829.57,23098.2,23928.44,21542.5,19891.89,18804.91,22077.9,19400.33,18004.0,nan,18715.0,20807.0,21357.0,18900.54,20496.2,19027.17,22326.67,18209.43,20266.4,20645.5,20316.25,22562.88,22001.0,21721.67,21250.4,20088.0,21737.73,19313.63,23083.67,22953.67,20219.33,23223.25,18894.0,18924.25,19669.67,20100.0,21281.43,18703.0,21197.0,25796.33,18815.4,22867.03,17488.53,24033.19,20772.33,25316.7,23344.11,23490.71,23905.33,21804.5,23072.17,24551.15,22795.33,21846.64,23535.71,22543.75,22201.33,20976.67,20525.1,21932.83,23946.88,23615.17,20913.43,23605.55,20901.0,19181.14,23073.81,20347.71,19318.22,19770.5
58,23033.0,22903.38,21734.17,18098.5,21152.71,24920.0,24149.0,23595.78,26626.0,24431.33,20337.33,19124.5,21557.08,18446.71,23297.75,23076.0,22794.44,22068.18,26833.0,21846.0,22405.75,20727.83,24416.89,22328.22,19042.0,21060.0,22755.19,22595.0,22956.44,23098.57,20720.2,27692.29,22923.44,19714.0,19752.0,24268.78,23129.33,22844.0,22046.5,nan,17852.67,19043.22,20763.5,25412.5,21974.25,24712.0,24597.2,23347.0,20202.67,22316.67,25066.5,20923.0,19751.67,22013.35,21633.5,23378.33,19834.0,25599.5,25202.2,21634.5,20693.0,18362.09,21950.5,24524.38,18680.6,21407.29,19210.2,23636.55,19522.4,22311.4,24820.42,20928.0,19906.85,18192.8,22167.25,19957.4,18308.0,nan,16973.0,20698.0,21794.13,19143.17,19825.5,19218.33,22510.0,18556.14,21453.67,20750.5,20442.5,22867.43,22877.89,20574.0,20262.67,20314.33,21366.67,18625.4,24239.0,23222.0,20516.33,18707.0,19128.0,18798.0,19930.4,18991.0,22266.67,20053.0,21107.33,27239.33,18399.67,23180.61,17761.69,23899.15,22132.0,25514.71,23922.0,23742.74,24182.0,22199.5,23389.0,25622.35,23546.92,22429.83,23359.83,23368.0,24121.0,21208.0,20501.88,22997.67,24443.31,23172.0,21464.83,24183.45,21911.0,19493.57,23254.14,19728.0,19409.0,19888.25
59,nan,23356.0,21214.8,18474.6,21522.8,25531.0,24525.0,24005.0,26375.0,23433.33,20410.0,20173.0,22518.14,18644.0,23856.9,23511.0,22857.5,22345.64,25400.0,21571.33,23118.86,21106.2,25541.29,23445.0,19309.5,22174.0,22693.07,22959.0,23451.25,23323.8,20981.5,27494.17,23787.57,nan,19050.0,23875.63,23279.0,23067.0,22554.0,nan,18246.5,19231.63,20511.6,26260.5,20507.0,25212.56,25194.43,nan,20686.67,22062.5,23186.0,20432.0,18804.0,21657.5,21829.5,23623.2,20402.0,25909.0,25977.67,22032.0,21047.54,18906.75,22557.0,25138.11,19383.5,22098.21,18617.5,24353.0,19321.75,22985.71,25365.1,21367.0,20069.08,18512.4,22792.0,19845.0,18669.0,nan,17569.0,22340.0,22496.14,19765.89,nan,20559.0,22259.5,19310.0,21801.67,19778.0,20583.0,24260.25,23126.14,19852.0,20530.0,21120.5,21335.2,19282.0,24853.0,23475.0,20861.0,nan,19605.0,18711.0,20334.8,nan,22850.8,20291.67,21720.33,27639.5,17937.0,23412.64,18043.09,23952.56,22428.0,26092.0,23812.67,23967.76,23441.0,22730.5,21998.5,25846.27,24242.67,22447.75,23773.83,23629.0,24352.0,21480.0,20672.29,23275.5,24418.58,23983.33,21327.0,24032.78,22566.0,19863.14,23773.08,20964.5,20097.4,20240.6
60,nan,23821.89,21515.75,18740.5,21733.6,25945.0,24993.0,24749.75,26895.0,23877.67,21718.0,20850.67,22415.6,19029.17,25164.0,nan,22924.4,22593.67,26215.0,22279.67,23432.5,20981.5,26346.83,23445.33,19941.5,22296.5,22857.58,21986.0,23566.67,22861.75,21506.75,28680.0,24437.2,nan,19563.0,24402.29,23239.0,23330.0,22600.0,nan,18460.5,19755.83,20849.8,26985.8,20567.0,26272.17,25994.33,nan,21162.67,21279.0,nan,nan,18984.5,22158.58,22161.5,23252.67,20717.0,26327.5,26727.33,22208.0,21588.0,19526.67,22705.0,24726.5,18517.0,22652.06,19133.0,24760.83,18839.0,23473.67,25946.33,21968.0,20522.7,19013.5,23163.67,19762.0,19366.5,nan,nan,22610.0,22912.0,19696.17,nan,22968.0,22481.0,20637.0,21971.33,20286.0,20939.33,25135.5,23708.0,20026.0,20994.0,21600.5,22109.75,19902.0,25041.0,24013.5,21349.0,nan,19631.0,18901.0,20965.75,nan,23299.33,21336.5,21797.5,27834.5,18446.0,23904.2,18472.6,24444.89,22514.0,26466.86,24239.33,24421.31,23752.0,23202.5,22098.0,26064.8,24275.0,23982.0,24419.6,23830.0,24812.0,21809.5,20698.25,24014.0,25251.56,24134.33,21583.75,23680.5,nan,19515.6,24039.0,21646.0,20728.0,20659.75
61,nan,24193.44,21739.67,18958.67,22739.67,26669.0,nan,26131.8,27431.0,24279.33,22201.0,22597.0,23156.25,19580.0,26057.29,nan,23311.0,22934.17,nan,21681.5,23795.83,21884.67,25700.6,23863.75,20452.5,23166.0,22961.14,23287.0,23375.8,22638.0,21755.67,30767.33,25324.75,nan,19735.0,25109.25,25810.0,23702.0,nan,nan,18796.5,20510.25,21878.0,27721.0,nan,26486.2,26063.8,nan,21728.67,nan,nan,nan,16847.0,22930.38,22504.5,26839.0,20968.5,26536.5,27311.67,22339.0,22780.0,19804.5,21902.0,23491.5,18764.0,23212.89,19404.5,25375.0,nan,23858.67,25091.0,22033.0,20709.43,18894.67,25375.25,19855.0,nan,nan,nan,22732.0,22758.8,19781.2,nan,23142.0,22053.0,21020.5,22159.33,20722.0,20865.0,25330.5,23959.6,20558.0,21317.5,21785.5,22371.5,20188.5,25377.0,24291.5,21530.0,nan,nan,19134.0,20256.5,nan,24837.5,21692.0,22382.0,28173.0,nan,24200.27,18818.0,23995.0,nan,26615.4,24360.8,24875.19,24253.0,22716.0,23605.0,27215.14,25595.4,24278.5,24694.8,25445.0,25722.0,22380.0,20642.33,24367.0,25528.83,24986.0,20212.67,27660.0,nan,20071.75,23699.0,nan,20876.5,21119.8
62,nan,24879.63,23738.0,19166.33,22926.33,27065.0,nan,25048.5,27554.0,24736.33,22567.0,22202.0,23775.0,19873.25,26390.2,nan,24192.0,23832.25,nan,22120.5,23942.4,22385.67,26552.8,23992.5,20648.0,23289.0,23539.8,23582.0,21639.67,23017.0,23278.0,30844.0,27479.5,nan,nan,25753.5,25932.0,23936.0,nan,nan,19375.0,21359.5,21302.0,29605.5,nan,27001.5,26098.75,nan,22118.5,nan,nan,nan,17051.0,23318.57,nan,27248.0,20360.0,26990.0,27727.0,nan,22645.25,20211.75,22230.0,23562.0,nan,22564.86,20450.0,24762.5,nan,24125.0,26113.0,nan,21065.6,19400.5,25606.0,nan,nan,nan,nan,22857.0,22875.0,20326.6,nan,23735.0,22480.0,21262.5,22305.33,20959.0,20644.0,25573.0,24068.25,20680.0,21489.5,22131.5,22360.67,20943.5,23546.0,24509.0,22141.0,nan,nan,19565.0,20560.0,nan,25084.5,22050.5,23321.0,28332.5,nan,24520.92,18955.33,24562.4,nan,27534.5,23478.67,24984.33,24634.0,22893.0,23917.0,26293.67,25413.0,26462.0,25268.25,26374.0,nan,22829.0,20908.67,nan,25698.0,25274.5,20679.33,28260.5,nan,18628.5,24303.75,nan,18794.0,21746.67
63,nan,24940.33,23860.0,19417.33,23278.67,27460.0,nan,24790.0,28115.0,25091.33,nan,22563.0,24047.0,20323.67,26949.6,nan,24921.0,24392.67,nan,21697.0,24227.75,22509.0,25662.5,24576.0,20847.0,23661.0,23861.67,24460.0,22095.0,23358.0,23705.0,31366.5,27682.5,nan,nan,26121.0,26308.0,nan,nan,nan,18825.0,21659.5,nan,32767.0,nan,27488.0,26558.5,nan,22403.5,nan,nan,nan,17745.0,24382.5,nan,27470.0,20535.0,27520.0,28292.0,nan,22888.0,20073.0,22708.0,23803.0,nan,22925.14,20997.0,25317.0,nan,24692.0,26577.67,nan,21101.5,19083.0,26059.5,nan,nan,nan,nan,22979.0,23169.0,20305.0,nan,24138.0,22602.0,21716.5,22167.0,21430.0,21343.0,25866.0,25980.67,20986.0,22049.5,22385.0,22739.33,21276.5,23668.0,25358.0,22452.0,nan,nan,19757.0,20918.5,nan,nan,nan,nan,26881.0,nan,24379.67,19370.17,24928.0,nan,28465.0,22622.0,25308.0,25126.0,23070.0,24354.0,29074.0,26409.33,27411.0,25812.25,26727.0,nan,23085.0,21881.5,nan,25599.5,25764.5,21801.0,nan,nan,18850.0,24065.67,nan,19084.0,23033.0
64,nan,25613.17,24435.0,19710.67,23615.0,28731.0,nan,25178.0,28974.0,25520.67,nan,23086.0,24600.67,20537.33,27905.5,nan,25294.0,24780.67,nan,21874.0,23764.33,22817.0,26162.75,24906.5,19233.0,23824.0,24440.33,24740.0,22679.67,22882.0,23827.0,31770.0,30545.0,nan,nan,26317.67,26629.0,nan,nan,nan,nan,21921.5,nan,33389.0,nan,28064.33,26896.75,nan,22864.5,nan,nan,nan,18912.0,25770.0,nan,27593.0,21120.0,28101.5,28521.5,nan,23195.0,20672.0,23033.0,24269.0,nan,23421.14,21433.0,25501.5,nan,24891.67,27013.67,nan,21323.25,19821.0,26412.0,nan,nan,nan,nan,23027.0,23473.0,20817.33,nan,24547.0,22747.0,23515.0,22349.0,21601.0,21466.0,25987.5,26249.33,21775.0,22338.0,22787.5,24467.5,21684.0,24099.0,25800.0,22634.0,nan,nan,20147.0,21331.0,nan,nan,nan,nan,27384.0,nan,25255.86,19595.5,25121.33,nan,29558.5,22981.5,25729.1,25345.0,23509.0,24678.0,29196.0,28465.0,27421.0,26397.0,26849.0,nan,23575.0,20476.0,nan,25090.67,26803.0,22547.0,nan,nan,19217.0,23403.5,nan,19368.0,nan
65,nan,26015.8,nan,19927.33,23906.67,29130.0,nan,25690.67,nan,24398.0,nan,24112.0,24843.0,21393.0,29980.33,nan,26921.5,26791.0,nan,22052.0,23783.0,21320.0,26620.0,25151.0,19413.0,24246.0,24979.0,24869.0,22435.0,22933.0,24126.0,32009.5,30847.0,nan,nan,26677.67,nan,nan,nan,nan,nan,20981.0,nan,33719.0,nan,28907.0,28114.0,nan,24442.0,nan,nan,nan,19568.0,26353.5,nan,27940.0,21297.0,28601.5,29165.0,nan,25513.0,20888.5,23322.0,nan,nan,23512.83,21757.0,26590.0,nan,24070.0,28052.5,nan,21723.75,20170.0,26734.0,nan,nan,nan,nan,nan,nan,21195.0,nan,24597.0,23303.0,23841.0,22649.5,21772.0,21965.0,27893.0,26194.0,21898.0,23044.0,23024.0,25007.0,23787.0,nan,nan,22950.0,nan,nan,20340.0,21667.0,nan,nan,nan,nan,27506.0,nan,25641.67,19251.25,25482.67,nan,30132.5,23484.5,25801.63,26050.0,23838.0,25037.0,nan,28144.0,nan,25454.5,27090.0,nan,nan,nan,nan,25755.5,27071.0,22933.0,nan,nan,19398.0,23883.0,nan,20005.0,nan
66,nan,26567.2,nan,20116.67,24086.67,29252.0,nan,26427.33,nan,24657.0,nan,24346.0,25501.5,21937.0,30218.0,nan,28107.0,27263.5,nan,22122.0,20788.0,21841.0,27077.5,25905.0,19874.0,24311.0,27253.0,25265.0,23165.5,nan,24248.0,32820.0,31239.0,nan,nan,26800.67,nan,nan,nan,nan,nan,21828.0,nan,nan,nan,29491.0,29013.0,nan,24576.0,nan,nan,nan,19748.0,26665.5,nan,28190.0,21615.0,28759.0,26397.0,nan,26297.0,21674.5,23418.0,nan,nan,23905.33,21939.0,26754.0,nan,24495.5,28803.5,nan,22173.25,20628.0,26961.25,nan,nan,nan,nan,nan,nan,21495.0,nan,nan,23800.0,24385.0,22866.5,21944.0,22743.0,28783.0,26546.0,22160.0,23464.0,23374.5,25072.0,nan,nan,nan,23531.0,nan,nan,21698.0,21901.5,nan,nan,nan,nan,28730.0,nan,26077.8,19653.0,25959.0,nan,30308.5,24096.5,25917.43,26259.0,23933.0,25174.0,nan,28267.0,nan,25758.0,27138.0,nan,nan,nan,nan,26148.5,27275.0,22307.0,nan,nan,19767.5,24005.0,nan,20171.0,nan
67,nan,26366.75,nan,20633.67,22359.0,29442.0,nan,26721.67,nan,22129.0,nan,nan,25720.0,22535.5,29596.5,nan,28215.5,27686.5,nan,nan,20970.0,21949.0,27712.5,26299.5,19999.0,nan,nan,25433.0,24452.0,nan,24282.0,30847.0,31486.0,nan,nan,26326.5,nan,nan,nan,nan,nan,21955.0,nan,nan,nan,29910.5,29153.5,nan,25110.0,nan,nan,nan,19953.0,25163.0,nan,28312.0,22082.0,nan,nan,nan,26444.0,21393.0,nan,nan,nan,23647.4,22123.0,nan,nan,26040.0,28481.0,nan,22723.67,20954.0,27167.75,nan,nan,nan,nan,nan,nan,20836.5,nan,nan,23918.0,24578.0,23541.0,21992.0,23341.0,28905.0,26735.0,22945.0,23527.0,21782.0,nan,nan,nan,nan,23699.0,nan,nan,21782.0,20743.0,nan,nan,nan,nan,28931.0,nan,26227.25,19039.0,24939.5,nan,33863.0,22944.0,25516.0,26530.0,nan,25208.0,nan,nan,nan,25944.5,nan,nan,nan,nan,nan,26261.5,27600.0,23160.0,nan,nan,20096.5,24128.0,nan,nan,nan
68,nan,27153.67,nan,21217.67,22588.0,29564.0,nan,27173.67,nan,22493.0,nan,nan,nan,21244.0,30250.0,nan,nan,nan,nan,nan,21253.0,nan,28497.5,26857.0,nan,nan,nan,25812.0,24817.0,nan,nan,nan,33239.0,nan,nan,30428.0,nan,nan,nan,nan,nan,nan,nan,nan,nan,30223.0,28160.0,nan,25623.0,nan,nan,nan,20622.0,25679.0,nan,28495.0,22313.0,nan,nan,nan,nan,22227.0,nan,nan,nan,24408.33,22307.0,nan,nan,26162.0,nan,nan,23095.67,21134.0,29165.67,nan,nan,nan,nan,nan,nan,21357.0,nan,nan,nan,25124.0,23711.0,nan,23563.0,29485.0,27457.0,23941.0,nan,22104.0,nan,nan,nan,nan,nan,nan,nan,nan,nan,nan,nan,nan,nan,nan,nan,26580.0,19914.0,23233.0,nan,34055.0,23196.0,26935.0,nan,nan,nan,nan,nan,nan,25180.0,nan,nan,nan,nan,nan,25662.0,27723.0,24313.0,nan,nan,20888.0,24970.0,nan,nan,nan
69,nan,25157.5,nan,20867.0,22770.0,nan,nan,31656.0,nan,nan,nan,nan,nan,21764.0,30959.0,nan,nan,nan,nan,nan,21411.0,nan,30235.0,nan,nan,nan,nan,26392.0,24939.0,nan,nan,nan,nan,nan,nan,30608.0,nan,nan,nan,nan,nan,nan,nan,nan,nan,28623.0,nan,nan,26179.0,nan,nan,nan,21221.0,26260.0,nan,nan,nan,nan,nan,nan,nan,nan,nan,nan,nan,23556.5,nan,nan,nan,26459.0,nan,nan,23446.33,nan,26086.5,nan,nan,nan,nan,nan,nan,19352.0,nan,nan,nan,nan,23901.0,nan,24191.0,nan,nan,nan,nan,22312.0,nan,nan,nan,nan,nan,nan,nan,nan,nan,nan,nan,nan,nan,nan,nan,25648.0,nan,23341.0,nan,34177.0,23347.0,27781.67,nan,nan,nan,nan,nan,nan,nan,nan,nan,nan,nan,nan,nan,28161.0,nan,nan,nan,21129.0,25297.0,nan,nan,nan
70,nan,25426.5,nan,23782.0,23179.0,nan,nan,32628.0,nan,nan,nan,nan,nan,22319.0,31082.5,nan,nan,nan,nan,nan,nan,nan,30810.0,nan,nan,nan,nan,26594.0,25917.0,nan,nan,nan,nan,nan,nan,nan,nan,nan,nan,nan,nan,nan,nan,nan,nan,28893.0,nan,nan,26359.0,nan,nan,nan,21403.0,26496.0,nan,nan,nan,nan,nan,nan,nan,nan,nan,nan,nan,23386.0,nan,nan,nan,26746.0,nan,nan,23319.5,nan,26240.5,nan,nan,nan,nan,nan,nan,nan,nan,nan,nan,nan,24482.0,nan,nan,nan,nan,nan,nan,22795.0,nan,nan,nan,nan,nan,nan,nan,nan,nan,nan,nan,nan,nan,nan,nan,26350.0,nan,nan,nan,34300.0,nan,28209.0,nan,nan,nan,nan,nan,nan,nan,nan,nan,nan,nan,nan,nan,29063.0,nan,nan,nan,21311.0,25419.0,nan,nan,nan
71,nan,25734.0,nan,23812.0,23746.0,nan,nan,32748.0,nan,nan,nan,nan,nan,22399.0,31727.5,nan,nan,nan,nan,nan,nan,nan,31107.0,nan,nan,nan,nan,26634.0,26085.0,nan,nan,nan,nan,nan,nan,nan,nan,nan,nan,nan,nan,nan,nan,nan,nan,28912.0,nan,nan,26415.0,nan,nan,nan,21685.0,26534.0,nan,nan,nan,nan,nan,nan,nan,nan,nan,nan,nan,23789.0,nan,nan,nan,27274.0,nan,nan,23571.5,nan,26279.0,nan,nan,nan,nan,nan,nan,nan,nan,nan,nan,nan,24798.0,nan,nan,nan,nan,nan,nan,22824.0,nan,nan,nan,nan,nan,nan,nan,nan,nan,nan,nan,nan,nan,nan,nan,26428.0,nan,nan,nan,34632.0,nan,28562.0,nan,nan,nan,nan,nan,nan,nan,nan,nan,nan,nan,nan,nan,29411.0,nan,nan,nan,21818.0,25439.0,nan,nan,nan
72,nan,24684.0,nan,nan,nan,nan,nan,nan,nan,nan,nan,nan,nan,nan,34354.0,nan,nan,nan,nan,nan,nan,nan,nan,nan,nan,nan,nan,nan,26601.0,nan,nan,nan,nan,nan,nan,nan,nan,nan,nan,nan,nan,nan,nan,nan,nan,nan,nan,nan,nan,nan,nan,nan,22625.0,nan,nan,nan,nan,nan,nan,nan,nan,nan,nan,nan,nan,24002.0,nan,nan,nan,27894.0,nan,nan,22461.0,nan,nan,nan,nan,nan,nan,nan,nan,nan,nan,nan,nan,nan,nan,nan,nan,nan,nan,nan,nan,nan,nan,nan,nan,nan,nan,nan,nan,nan,nan,nan,nan,nan,nan,nan,nan,nan,nan,nan,nan,34998.0,nan,30333.0,nan,nan,nan,nan,nan,nan,nan,nan,nan,nan,nan,nan,nan,nan,nan,nan,nan,22001.0,nan,nan,nan,nan
73,nan,25023.0,nan,nan,nan,nan,nan,nan,nan,nan,nan,nan,nan,nan,34551.0,nan,nan,nan,nan,nan,nan,nan,nan,nan,nan,nan,nan,nan,27075.0,nan,nan,nan,nan,nan,nan,nan,nan,nan,nan,nan,nan,nan,nan,nan,nan,nan,nan,nan,nan,nan,nan,nan,22883.0,nan,nan,nan,nan,nan,nan,nan,nan,nan,nan,nan,nan,24274.0,nan,nan,nan,28106.0,nan,nan,22776.0,nan,nan,nan,nan,nan,nan,nan,nan,nan,nan,nan,nan,nan,nan,nan,nan,nan,nan,nan,nan,nan,nan,nan,nan,nan,nan,nan,nan,nan,nan,nan,nan,nan,nan,nan,nan,nan,nan,nan,nan,35195.0,nan,30940.0,nan,nan,nan,nan,nan,nan,nan,nan,nan,nan,nan,nan,nan,nan,nan,nan,nan,22530.0,nan,nan,nan,nan
74,nan,25295.0,nan,nan,nan,nan,nan,nan,nan,nan,nan,nan,nan,nan,34674.0,nan,nan,nan,nan,nan,nan,nan,nan,nan,nan,nan,nan,nan,27588.0,nan,nan,nan,nan,nan,nan,nan,nan,nan,nan,nan,nan,nan,nan,nan,nan,nan,nan,nan,nan,nan,nan,nan,23366.0,nan,nan,nan,nan,nan,nan,nan,nan,nan,nan,nan,nan,24593.0,nan,nan,nan,28384.0,nan,nan,23034.0,nan,nan,nan,nan,nan,nan,nan,nan,nan,nan,nan,nan,nan,nan,nan,nan,nan,nan,nan,nan,nan,nan,nan,nan,nan,nan,nan,nan,nan,nan,nan,nan,nan,nan,nan,nan,nan,nan,nan,nan,35594.0,nan,31085.0,nan,nan,nan,nan,nan,nan,nan,nan,nan,nan,nan,nan,nan,nan,nan,nan,nan,22815.0,nan,nan,nan,nan
75,nan,26139.0,nan,nan,nan,nan,nan,nan,nan,nan,nan,nan,nan,nan,35121.0,nan,nan,nan,nan,nan,nan,nan,nan,nan,nan,nan,nan,nan,28112.0,nan,nan,nan,nan,nan,nan,nan,nan,nan,nan,nan,nan,nan,nan,nan,nan,nan,nan,nan,nan,nan,nan,nan,23851.0,nan,nan,nan,nan,nan,nan,nan,nan,nan,nan,nan,nan,24955.0,nan,nan,nan,28687.0,nan,nan,23615.0,nan,nan,nan,nan,nan,nan,nan,nan,nan,nan,nan,nan,nan,nan,nan,nan,nan,nan,nan,nan,nan,nan,nan,nan,nan,nan,nan,nan,nan,nan,nan,nan,nan,nan,nan,nan,nan,nan,nan,nan,36620.0,nan,32170.0,nan,nan,nan,nan,nan,nan,nan,nan,nan,nan,nan,nan,nan,nan,nan,nan,nan,23388.0,nan,nan,nan,nan
76,nan,26351.0,nan,nan,nan,nan,nan,nan,nan,nan,nan,nan,nan,nan,35333.0,nan,nan,nan,nan,nan,nan,nan,nan,nan,nan,nan,nan,nan,28234.0,nan,nan,nan,nan,nan,nan,nan,nan,nan,nan,nan,nan,nan,nan,nan,nan,nan,nan,nan,nan,nan,nan,nan,24125.0,nan,nan,nan,nan,nan,nan,nan,nan,nan,nan,nan,nan,25139.0,nan,nan,nan,28923.0,nan,nan,23869.0,nan,nan,nan,nan,nan,nan,nan,nan,nan,nan,nan,nan,nan,nan,nan,nan,nan,nan,nan,nan,nan,nan,nan,nan,nan,nan,nan,nan,nan,nan,nan,nan,nan,nan,nan,nan,nan,nan,nan,nan,37479.0,nan,32688.0,nan,nan,nan,nan,nan,nan,nan,nan,nan,nan,nan,nan,nan,nan,nan,nan,nan,24197.0,nan,nan,nan,nan
77,nan,nan,nan,nan,nan,nan,nan,nan,nan,nan,nan,nan,nan,nan,nan,nan,nan,nan,nan,nan,nan,nan,nan,nan,nan,nan,nan,nan,nan,nan,nan,nan,nan,nan,nan,nan,nan,nan,nan,nan,nan,nan,nan,nan,nan,nan,nan,nan,nan,nan,nan,nan,nan,nan,nan,nan,nan,nan,nan,nan,nan,nan,nan,nan,nan,nan,nan,nan,nan,nan,nan,nan,nan,nan,nan,nan,nan,nan,nan,nan,nan,nan,nan,nan,nan,nan,nan,nan,nan,nan,nan,nan,nan,nan,nan,nan,nan,nan,nan,nan,nan,nan,nan,nan,nan,nan,nan,nan,nan,nan,nan,nan,nan,nan,nan,nan,nan,nan,nan,nan,nan,nan,nan,nan,nan,nan,nan,nan,nan,nan,nan,nan,nan,nan,nan,nan,nan,nan
78,nan,nan,nan,nan,nan,nan,nan,nan,nan,nan,nan,nan,nan,nan,nan,nan,nan,nan,nan,nan,nan,nan,nan,nan,nan,nan,nan,nan,nan,nan,nan,nan,nan,nan,nan,nan,nan,nan,nan,nan,nan,nan,nan,nan,nan,nan,nan,nan,nan,nan,nan,nan,nan,nan,nan,nan,nan,nan,nan,nan,nan,nan,nan,nan,nan,nan,nan,nan,nan,nan,nan,nan,nan,nan,nan,nan,nan,nan,nan,nan,nan,nan,nan,nan,nan,nan,nan,nan,nan,nan,nan,nan,nan,nan,nan,nan,nan,nan,nan,nan,nan,nan,nan,nan,nan,nan,nan,nan,nan,nan,nan,nan,nan,nan,nan,nan,nan,nan,nan,nan,nan,nan,nan,nan,nan,nan,nan,nan,nan,nan,nan,nan,nan,nan,nan,nan,nan,nan
79,nan,nan,nan,nan,nan,nan,nan,nan,nan,nan,nan,nan,nan,nan,nan,nan,nan,nan,nan,nan,nan,nan,nan,nan,nan,nan,nan,nan,nan,nan,nan,nan,nan,nan,nan,nan,nan,nan,nan,nan,nan,nan,nan,nan,nan,nan,nan,nan,nan,nan,nan,nan,nan,nan,nan,nan,nan,nan,nan,nan,nan,nan,nan,nan,nan,nan,nan,nan,nan,nan,nan,nan,nan,nan,nan,nan,nan,nan,nan,nan,nan,nan,nan,nan,nan,nan,nan,nan,nan,nan,nan,nan,nan,nan,nan,nan,nan,nan,nan,nan,nan,nan,nan,nan,nan,nan,nan,nan,nan,nan,nan,nan,nan,nan,nan,nan,nan,nan,nan,nan,nan,nan,nan,nan,nan,nan,nan,nan,nan,nan,nan,nan,nan,nan,nan,nan,nan,nan
