x,y
6231,4283
7928,1237
10160,8449
5022,5982
10327,10183
9741,1682
11490,7051
7212,6522
7966,836
6997,7864
7507,7475
3347,13966
9139,8751
9908,6198
10474,4982
8664,7653
6850,6619
8619,7957
4878,829
3343,8104
7797,4828
3512,11515
8672,13804
8086,8626
13677,2947
13188,2431
13470,3143
1159,11162
11540,1602
1608,13002
1249,12265
3558,8673
2494,3839
6911,3040
7139,3161
2058,1891
14019,4202
2199,3926
10994,955
5260,6151
6758,7794
3427,13601
6594,6639
6184,7026
3487,5147
3024,2770
4062,11526
12581,2908
4432,13570
12328,2125
13907,7072
8303,10206
11709,11239
13184,13590
7659,7745
13375,2886
13487,3348
13159,4098
9143,8442
7820,13650
6284,6838
11532,12471
3038,12634
12263,5027
9504,4309
1111,10643
13110,5054
2789,4766
961,1554
6538,6752
13352,3780
11250,3763
7422,5102
8884,8726
4180,12335
7697,7341
13857,10562
3481,13516
12916,3488
4837,12326
12790,7082
10466,12786
5736,9480
8310,6422
4298,4756
3282,9208
9462,9914
8162,7618
2565,12756
8391,6959
5087,6039
9506,2413
8597,4767
8822,5528
10478,5276
1759,12760
1372,11188
11189,12649
13735,7839
14116,6580
13904,8369
7526,12272
13429,10975
1568,9846
2020,11639
3060,11821
1858,12462
7852,6806
13104,3102
6214,8560
6354,2464
10891,10402
11413,1691
4032,13272
8876,8708
5188,13136
13647,3805
10607,9887
13950,6324
7968,8316
8494,9042
13242,4468
13875,9696
6147,5042
13884,5636
11768,5423
8702,4471
8772,4472
8787,11565
12259,8056
9259,10007
9089,8383
8762,10745
7693,6325
8065,5310
11976,2358
9658,8770
1368,10974
1533,10058
11277,3197
14059,4981
9274,5702
7006,7354
11906,9314
9299,9039
12100,7184
11782,11320
13744,3194
7623,7206
5658,5354
6489,7838
1494,12690
12696,2068
12378,2113
4889,11546
12110,7325
5040,14030
5714,9359
9225,7208
8150,8072
7959,7411
10248,839
1268,11083
1300,10306
5828,5904
2640,5798
3113,4081
1427,4502
1598,4416
3742,4299
5155,1738
4953,13430
8384,8232
4121,13770
10219,4562
3670,7988
4157,11362
12762,2758
6304,6704
3982,11526
11686,2130
13041,3512
13492,3432
1189,10046
6212,8325
11551,3524
6321,9652
5158,9135
4213,1093
13147,5012
2052,12220
2238,12413
9501,9617
6882,9528
10548,11031
9026,9126
7834,7522
10684,10234
13714,13080
7394,7364
9273,9046
11056,10643
12233,10984
12366,11465
13053,2231
10055,1143
11655,6784
10179,812
808,10232
9693,9686
11883,2046
10613,1312
3432,9198
3463,8035
11830,5371
11584,7557
9840,9184
12607,6091
13455,8589
8557,5845
8482,8381
3684,13500
13228,4582
5811,8584
13399,2793
8850,5457
7974,10498
1671,10041
13789,4671
1210,12137
6734,6529
14007,4924
8786,5880
13629,7988
7476,13921
10588,10320
11249,7070
10457,8809
13676,8000
11842,11134
12462,13490
13055,10716
12284,8940
1263,10268
2496,8852
7784,6933
7179,4675
9382,14079
8568,8698
5454,8616
13746,6893
10812,5115
6405,13502
1931,12470
7713,8081
3656,13043
11594,9918
9488,13447
8942,9315
12204,2648
13534,4323
3396,10547
9046,8789
9947,10185
7834,6975
13471,7114
13431,8720
12602,13801
3736,10530
4870,9793
1383,10994
6092,9164
10610,9886
4911,8462
7906,8102
12307,4851
12247,5188
1471,7481
11478,12020
5254,10191
13188,5030
5180,13399
6997,13535
11833,1210
6005,9123
14032,8643
14152,10721
10259,7599
13658,13346
12733,2805
1050,10582
12490,1863
1438,11368
2053,11806
5882,5363
10240,7551
9997,7765
9076,8395
8712,7914
8328,7744
3382,8741
7582,4956
11578,7677
10565,8736
3820,10490
3357,1783
5422,5937
1676,12389
6713,6236
9958,9392
9605,8973
1384,11005
11987,3156
13632,4209
3409,11008
11478,1927
12284,2637
13750,3849
9089,9156
11566,7051
13611,5902
10308,10538
11469,12426
11274,11863
9267,9520
10963,10691
10690,11041
3814,10789
8641,12698
9738,10264
10597,11102
13817,4187
2292,13024
13696,6544
1234,11768
1395,11607
10542,1430
11676,1334
11284,6148
6142,6432
10438,1570
13117,2030
4440,7102
9533,4484
7953,903
1049,11823
6186,1070
3631,919
3044,2256
8828,8155
4570,13564
7056,7016
11076,4646
11987,2818
8605,6188
1716,7225
3879,12681
8064,6954
8676,8444
7996,6603
8221,3448
4561,871
2326,12106
1282,12109
11130,1397
13061,3511
3753,10877
13177,3991
4565,8083
10289,5677
8521,8501
7754,7054
8969,867
6160,11191
3462,12910
2279,12334
13758,5267
8656,9057
10702,8962
9606,10124
12199,13521
11328,13125
8695,8484
12837,1811
7233,3414
13650,12480
7212,8608
10799,972
9081,5867
7632,11526
9924,10991
5058,11738
10747,1936
2304,12480
11980,1651
2712,7611
13487,2453
6969,9496
6064,9440
3443,13629
9138,8909
11464,3525
10274,12677
10121,6766
1732,12672
13800,9003
12877,9569
6697,6258
8190,7886
2862,12472
2513,7622
6497,1100
6360,882
5084,9172
7907,8716
9404,9032
7641,7191
9672,5346
10079,7170
8761,6098
5254,4778
2787,13695
5893,8570
5934,8597
6434,11177
12968,5401
6291,13747
10051,9477
8903,10893
9893,9519
7656,1293
4637,10633
4190,10224
6254,10022
11386,10848
12691,12622
5760,8964
11376,6127
6084,10438
12318,12480
7639,7196
7095,7401
13915,5030
12618,4945
9957,9523
13385,3177
7075,11358
7038,6991
5929,5007
6752,4846
10573,10493
13135,10792
12123,12668
13157,12315
9768,5370
7013,8982
11129,5752
10228,11034
9409,9665
12518,13379
853,10194
8045,4838
11443,1640
8515,7955
4491,5128
1877,11695
2673,11629
6601,13456
10938,10463
10125,10051
11734,9740
996,11980
9262,2249
1292,9726
9888,1590
8951,7524
11406,6378
11409,4842
13961,4127
7428,13408
9993,12008
13861,13684
1815,12108
7236,4985
6939,4992
6976,6270
6752,6582
5521,12982
4279,4219
12202,7642
12027,6997
6750,1036
4123,1975
4656,837
3656,1339
3617,1037
1488,2732
938,1789
8289,7805
9471,5692
3374,13093
4562,10122
1261,7111
12887,7329
9186,9691
9770,9676
8940,4918
9767,1046
6978,11370
7083,9666
13670,3918
13714,4565
13923,7831
9493,11139
10306,5299
7071,6638
13895,6813
11244,11344
8448,7563
7813,5780
5684,13369
8113,13487
13538,12987
13620,13100
13577,14047
7722,7432
1009,10650
8826,6461
11388,8378
11534,10864
8383,12307
11696,2892
6215,5775
6828,7814
11715,1272
8122,8556
6671,2910
13263,2768
9688,10256
7540,7560
729,9341
10586,8999
11367,12065
10154,9532
7445,6807
12688,13503
10550,2906
11538,7188
7571,8255
8071,8002
13011,6936
8301,10367
13004,12132
1894,12711
11427,1065
5074,13248
13583,3531
13108,2770
1026,11134
3632,10842
2892,13547
7596,1267
11258,6079
1223,8816
13312,3160
9586,5514
8755,8915
11341,5962
13854,5576
7125,10889
7257,11546
8761,10863
6124,12706
7186,13240
11803,13973
3615,11475
1108,10926
808,6790
6742,7893
12366,5169
9750,6391
6896,7794
9153,5623
11804,10695
13561,3132
3146,11572
10501,2385
9548,2452
1187,10021
12262,6708
13512,4198
4322,14052
14104,10133
10778,10963
12863,13179
2562,8418
820,10396
1189,10985
6276,13725
6388,8466
5212,13759
9856,3404
11760,1977
13094,2712
10556,1443
6379,8063
8132,6870
2620,5898
2927,5517
9358,7385
13389,3096
8546,6030
6505,9897
5305,9012
4350,2820
2306,3689
13392,2851
6841,6859
10609,2887
7448,6826
8372,6029
7046,7217
13841,5093
1897,11685
3252,11337
11310,8420
1379,6878
11804,6869
10010,9894
10462,5417
8316,5475
7779,7191
2409,4209
6472,6220
6584,6813
7988,6411
1120,10176
5855,1086
6613,6914
7159,6667
3357,13563
10346,1360
9960,1193
6607,9624
4983,5652
7575,2456
3744,4294
990,9364
4443,860
4747,2909
3771,2480
2638,1079
701,540
7560,6160
12010,3698
8802,6179
8436,7613
7226,2949
7938,10576
12614,3050
10540,5370
8644,4271
11184,6892
8622,8147
7466,9956
6326,9147
10995,9969
7592,7234
3707,12851
5220,5862
1745,13002
3524,9681
4560,1039
2421,650
935,3813
4459,12208
7894,6757
8674,7580
14094,4473
13922,3935
11260,5460
12093,2232
13246,2177
7230,9613
6730,9675
9592,10026
11268,10017
10111,8201
9660,5550
9834,6323
5815,8619
7045,6644
12578,11963
12492,12176
8114,10194
9964,6656
9718,6375
9858,2510
5061,7664
993,10722
9670,7084
4826,8088
3512,2539
4057,2886
1272,11067
948,10065
814,10255
5930,5892
7553,4870
6155,8147
1526,5189
1992,2217
2842,3187
1144,9875
11742,3038
3624,9168
5539,6140
6663,6703
11058,6286
9013,4174
1667,10051
2387,3267
2360,1982
2094,1690
10676,2111
3905,12539
11024,4345
13421,9416
11344,11782
12270,12568
12011,12249
14114,7496
13301,4794
8492,8509
14110,6063
9261,9211
13286,11794
10184,9811
1215,7769
7935,6639
6999,7091
7117,3899
1278,8996
3830,10034
6549,6249
3826,4159
3001,5934
1292,2412
1282,516
13468,2552
2598,12730
5036,13492
8118,10924
13615,5933
10004,10088
13100,6941
4587,10317
9392,13544
9572,8985
10284,1129
6889,9090
7493,6922
3891,12704
9886,2577
5792,4950
4089,5075
10293,5092
3001,13428
5536,9141
3050,13441
7564,6795
10018,5070
1059,11418
10245,6810
3218,11714
5958,6261
4923,6877
2840,3186
2038,12209
2037,11883
13729,4077
13892,4039
5133,11823
7611,7636
7567,7248
11897,2048
12457,1959
10953,4949
10559,5099
2309,9140
3480,13179
8371,8546
10241,7601
9675,9612
3745,13036
6949,11598
8015,12149
2917,1234
10875,3404
8594,4841
8991,10953
8350,10311
9296,11142
10154,7610
6255,13388
12100,11732
12889,13326
12800,2629
14084,4896
5186,13638
6845,8009
6426,9352
13500,6032
9654,7124
8652,9048
13568,13050
7702,8555
1039,12139
2976,13452
6626,12723
3954,13598
9404,9290
7206,13554
6098,8336
9914,13269
9948,11542
11131,9951
11577,9714
13430,13964
11004,8643
12437,5993
13343,4487
13902,3824
10486,2559
6575,6716
11222,3636
4081,3841
4941,8337
1818,11960
12492,3008
8567,5615
6268,9202
4994,7837
6762,6512
4890,8292
4587,14005
2814,12554
8939,9406
4173,3888
4484,3983
8187,7843
13435,4371
7596,7398
11960,1852
3020,12065
3141,13435
7333,7761
6585,6647
1538,8290
3570,7843
9913,995
10118,1152
10057,806
5819,5953
5222,4757
1085,7247
5253,9195
9109,8434
1016,11952
11978,7128
5036,8450
5269,13239
3286,13469
1807,12002
9985,10248
8190,6658
2964,11236
6348,13899
9800,5516
6740,13334
12410,1283
8402,8485
11348,7273
10077,7168
8375,8925
2872,3384
11717,1195
12467,4815
801,3539
8451,8109
3120,8142
7668,10186
13022,1948
7714,8502
13499,6725
13272,4465
13942,9014
4257,9955
2612,12524
1857,12126
2447,13194
10459,1253
5398,5848
7594,11354
6929,12597
8358,6594
12748,10687
5874,6599
7310,7060
13176,4613
4298,13216
9908,1044
757,7743
8685,5577
3845,9941
8025,1332
9556,5463
11253,5757
7242,6916
3528,9174
1378,11613
13986,3903
4946,6026
6482,8366
6298,8836
6728,6833
4780,6936
5357,2241
7153,3388
1161,1460
1079,6969
7820,7955
837,5793
2723,4336
11819,1651
12743,2840
4353,13642
5953,13284
10473,5347
8397,8487
9753,9579
10407,7860
13804,10188
6101,6892
6764,4962
11672,1678
12035,3077
5482,5827
12364,2172
10439,2592
6594,7990
2446,12372
2785,10111
7604,7685
13266,13933
11860,12237
1151,10532
1500,11758
10900,4622
8166,13660
13584,12544
6718,7882
6579,6396
6300,6396
7132,8042
3521,2810
6404,7118
10655,1822
4640,5974
5804,6206
2927,12614
8528,8425
10422,912
5241,885
993,10734
3374,8758
3853,4257
7620,7871
9729,6426
8601,6042
5799,7424
2169,2090
6598,6588
13462,2710
5295,12364
13408,2925
10974,5480
6014,9377
6859,6883
11249,5065
8846,8170
13521,11622
13327,3105
12109,7193
13610,2814
13156,3432
8642,4650
5632,3554
6718,6538
6586,6121
4572,4597
4732,7097
3092,3620
3387,3023
5741,1522
13367,3454
9427,825
13418,3139
13210,4486
1935,5202
1302,12610
13564,5083
757,5184
6299,12540
13652,2722
10657,4809
10900,3563
13214,2182
1662,11937
1781,11741
7012,7004
1179,12337
1671,11328
11779,3075
6642,7466
4770,8999
13422,8106
7301,3297
5388,8802
5262,9007
5424,9068
4030,9822
9944,6624
6271,6432
13338,2362
10630,1300
6587,11409
8738,11331
7317,13920
7594,7529
10802,11565
11505,11244
5281,3581
4582,1325
1703,5011
6783,2855
994,10228
13113,2428
1953,11579
12458,1741
2323,10303
6204,6898
1155,5228
5458,6080
5370,3664
4227,2331
3532,4236
2645,6819
1982,4034
2055,1309
2039,13466
8476,7580
7354,3022
6329,2373
8163,6466
8731,7867
8701,6309
10503,5172
12093,11481
7188,6670
5469,9307
6372,6787
11471,1352
7112,7419
12564,1620
13137,4358
5659,5775
2438,9808
1089,11354
257,536
7415,7267
7843,8066
5523,7522
13370,2874
1913,7924
1724,11872
8840,8308
11682,3449
7564,10321
5361,9535
10238,7329
4625,7644
11603,1615
7250,12651
13518,7372
7133,7591
3263,9166
3388,9119
4798,7323
10059,9533
1231,10789
9561,7142
8872,5451
7686,9995
12726,3081
11628,1226
11588,2075
11155,1861
2664,12492
9634,9287
6336,8248
10527,3319
2482,13213
13952,8372
4168,11674
8960,8994
6015,6328
1866,1233
6214,6102
8756,1409
1730,9420
3738,13272
4400,13486
5173,6118
8261,8819
13661,6306
12248,6802
5371,5855
4680,6025
9687,9930
12036,12040
10984,11588
13804,11150
13894,10740
9116,9605
11966,10014
4466,11813
13569,3654
4440,13990
13626,3567
13411,3819
8147,7494
2853,12839
11215,11043
7972,5279
5996,5629
7123,7110
9654,5552
7830,7460
12296,1474
6851,6952
3096,10704
4322,7363
5946,6183
1998,9453
10350,1390
8423,975
8994,3446
8610,4341
8532,9878
8534,2210
8079,2160
6355,2512
11409,11036
6990,895
578,1588
2634,12789
11781,2250
1507,10916
12452,2065
9960,3238
10626,3667
7958,1013
10323,2550
10273,3174
5376,5098
13828,9716
3677,9703
12297,2098
13392,6921
11393,6820
13008,5326
12691,3218
2121,12216
6245,6169
6717,7174
7582,7966
7858,3300
9125,9752
6779,6615
5496,6123
4853,4569
5231,3762
4829,4569
3286,9138
3527,10445
11101,11531
10749,11025
13796,13450
14152,14496
7706,7848
7068,7400
7321,7423
11537,5888
1493,11270
12120,2729
3245,7855
12162,3272
12052,5238
1666,12188
1851,11679
3229,10913
846,6890
2082,1405
6303,4880
6462,4506
3834,13607
12140,1754
7228,8946
7762,8018
7570,8062
4008,13302
7817,6636
12417,2395
13013,3387
8709,8583
2093,11835
2232,3367
6296,8970
2163,7543
9457,2052
6496,6414
2986,7777
2206,12670
8491,2236
6572,1498
5965,1153
12306,4776
12913,5378
2567,11675
4834,8217
9025,8847
8503,8285
1534,11116
5132,1091
4466,6248
3099,13288
4962,12548
7131,7122
7315,11261
7749,11795
9586,7172
14058,11684
1478,11086
4556,13730
6459,6105
9147,1142
5966,6110
813,4265
2345,13487
8324,8519
8019,8270
4152,13348
3840,13982
13046,3761
7703,9892
8244,8418
12246,12513
10522,9924
8672,4071
11864,10853
11955,11073
12032,11185
9112,7476
8030,3428
10680,3167
5488,12874
7079,7568
10532,1425
10156,7115
7089,6915
10022,6871
10820,7664
1469,10391
2563,13037
11916,2707
10750,1892
3353,13510
1939,11794
7689,7431
11456,1092
3409,8386
9033,5855
11300,1178
10746,1220
10540,1225
10528,2976
11687,1483
7497,7534
5847,4046
2275,12931
2514,12523
944,7063
4828,8670
9180,5740
1329,10686
5450,8935
1287,10900
2120,9851
5212,12341
11818,1981
11812,1118
7914,8358
13471,5216
11465,11197
10274,10828
7326,6807
11093,3618
8038,7141
7051,4197
2409,12579
4309,6093
979,6764
1411,4315
3515,3798
5409,8915
6781,9915
6615,13212
8000,7040
10984,4331
7008,7213
4542,13824
10837,8691
13328,3808
9894,9207
13017,5511
13818,8767
8063,7606
12827,1918
10380,8834
6046,9100
14020,7008
2557,5074
10311,1478
10374,1328
11449,5921
8218,7173
8902,12764
1979,11666
7270,8699
9436,9771
7837,12346
3553,13035
11146,4196
8692,5152
9202,1273
6020,7458
8644,8523
9048,8945
8624,11439
8660,5008
6400,4460
10946,4522
8358,6520
14026,7591
3781,10862
4799,10188
13311,12506
1994,12864
7092,6106
4994,5785
5868,6050
7664,9514
3202,3740
5899,5849
6428,4841
12474,1359
4601,8395
6423,7043
13142,11887
8322,13916
6800,7016
9088,2254
7035,6406
7545,6862
6570,7934
7233,12697
1165,12561
8420,14010
10638,13762
12900,13072
9358,1252
4902,5433
4876,7612
3784,4421
11188,4902
1901,12707
3822,13057
6902,7856
9985,6557
11654,4094
13521,5955
1670,12923
13174,3537
11132,1958
13574,5064
7266,6771
8273,7717
10191,9822
6575,6761
8900,8789
9978,8230
9013,1092
11339,11850
12240,11435
10190,8207
11104,10893
3472,13184
6760,7241
13943,5422
1820,11896
10080,7320
8907,9407
8682,8540
8783,7055
10619,1313
7726,13920
3472,13900
3548,13894
13296,3903
8590,8196
13621,6628
3947,11235
8788,8548
7346,13659
14048,7183
11253,12437
13044,12060
6705,8014
6716,7915
6262,9621
4040,9666
2875,4280
4224,13515
4753,4275
13604,4051
8158,7490
7351,5013
6424,12619
3738,13474
6004,10842
9572,11206
12782,11902
6801,7555
9621,9401
12283,8921
12190,9971
10328,1303
11271,5570
10583,1161
6927,6822
10513,4944
1683,11682
5446,7555
4809,4651
3728,2547
12762,3168
14068,7335
4602,6904
13309,4178
11475,6182
11540,6053
9177,9011
7983,7051
10566,10898
13385,12727
14109,13477
13102,13880
12958,2435
12879,5297
11628,12209
12705,11392
8138,12172
7872,7252
6774,6570
1336,10336
4242,4038
9188,3430
13144,4086
2482,12506
1735,12020
1185,10168
13302,3615
13010,3244
10182,1207
7850,6493
11810,1866
1054,6435
6855,6864
6420,13287
7802,7668
3524,11370
13946,5364
6662,9270
3790,13716
9119,4093
8879,8806
2376,12808
9766,10319
13260,7624
8121,13492
11909,12648
11233,1749
12523,1813
8734,8815
5111,5422
11641,4523
4601,10303
4363,11908
9223,2005
7413,2399
1758,12486
1344,10626
4166,10149
943,9952
1554,10138
5090,5485
4140,5964
4076,3818
4451,4043
2495,4394
2498,2940
3981,956
1128,1521
2604,13065
8078,7547
10845,12326
1259,12585
13139,4352
1595,10998
6173,6109
9935,1087
11423,1108
1507,4606
2400,13333
9866,9603
14083,4781
12638,5307
12030,1318
11502,1879
7286,1358
11177,6067
3078,13320
3607,13278
4217,9266
1581,7458
5801,6070
7013,4374
8450,8745
6718,6648
2003,2625
1831,3126
7839,7308
6414,10120
8657,5330
7351,4644
3603,13291
11005,4016
7663,11557
6558,7057
6116,13636
9527,888
12365,2999
1624,10611
1320,12430
6748,9185
1081,10175
7713,2285
7335,1161
720,8351
1436,11390
1336,977
1099,1633
661,1209
6991,9442
2074,12902
1648,12427
7093,4772
5724,3722
5948,3798
5828,5911
8524,1554
6696,1300
1201,6428
2177,12747
12544,2546
11814,1270
12980,1799
8635,8997
8844,11000
9105,7593
11994,10711
11791,11416
8418,8088
9726,9300
7234,13426
13181,8280
13677,7206
2797,13622
6217,6485
11762,2070
13438,4593
5367,6218
8521,5713
7622,7107
6028,5005
13432,2744
14098,6126
6662,9296
7032,9793
12522,2678
13968,5102
10636,3410
8062,898
8275,1068
4289,13612
7220,13204
3942,3216
11132,11055
9834,9690
8025,13750
11865,11477
13475,12443
13603,2825
1614,11713
5462,976
3153,5259
3127,3996
12743,2275
5772,6560
13101,2344
11132,1712
4414,4522
7404,7852
12207,12104
1654,10590
3589,10915
8113,8021
6824,7974
12088,3471
10061,9670
11369,5588
2507,6571
6479,6703
11315,6992
12918,13640
8158,7732
2223,9944
8277,12042
4578,4856
8555,4980
13181,3452
12482,4755
13772,8655
12842,3307
13957,4339
8069,7649
4788,4384
4950,5166
3888,9836
3940,9451
6958,9689
11777,13398
9024,7680
6514,8174
8991,11416
8649,8910
7502,7528
8847,6452
4083,3618
13077,3945
1304,10639
13527,4009
4080,11484
7938,1009
8228,1314
6814,7926
13040,2614
13582,3762
12650,1922
10719,4691
5300,10467
13883,7135
12062,11414
1535,10936
6932,7457
7075,8776
6824,5027
6026,7638
7881,4818
920,4384
12280,3335
2029,11615
4255,10237
4578,11661
7073,6495
5946,6076
4186,11819
1262,10435
7288,6721
7282,6650
8571,2199
7134,859
1647,6799
879,7247
9784,13307
3960,11516
6827,1344
6753,6983
9994,1540
7550,4751
6777,4755
2472,8950
1442,11261
6596,9114
10918,8288
4560,12427
6442,7866
9231,9843
9576,9905
8584,8862
11326,6511
5806,12502
4368,13752
5013,12402
10228,10195
2206,9770
918,4269
11990,5065
4169,7105
1413,10870
11366,4477
954,9981
2824,13424
12714,2414
5867,6745
5403,11452
2280,12538
9672,11654
4659,4984
8284,7094
7562,7626
8571,6629
8317,10301
10048,8726
2316,3938
1488,2505
10616,11003
8859,9987
6008,4000
3296,6874
1903,2093
2575,12254
6404,6589
11836,4346
11106,935
5598,6177
1072,9759
887,10047
9940,7398
7908,7663
1191,11464
13310,5994
7854,8054
5469,1637
7840,932
4779,9936
13317,2730
8945,9492
7191,11631
13484,7063
8222,7430
7973,7678
13578,3544
13995,5450
7355,7815
7436,2602
5880,8674
7101,8834
8324,7946
5207,9100
6804,7481
6400,6708
6290,2089
5205,6071
4616,6480
5792,1721
8038,7802
7067,7634
9312,8569
12339,7755
13610,12706
6795,4921
11863,4360
10730,10326
8414,8600
11196,4911
1192,12007
855,9720
5787,5345
8231,5119
3691,11291
4920,5366
7005,11526
2940,12786
3835,13138
1140,11862
1506,11580
1159,10357
2595,8435
2293,11851
3812,11575
2782,11840
1287,7197
8668,8689
8468,8728
5670,5128
9965,5186
11270,11878
9774,9764
9155,11297
10826,10888
4822,6651
5388,5830
1850,11683
11885,3066
7910,1838
10453,4857
8249,7633
4860,13568
5988,13669
8369,10056
2788,12906
6263,11984
3079,11144
13698,9670
13188,12694
882,11088
5572,6343
5688,6015
8613,6700
9199,6318
6132,9887
12819,7336
13704,3278
5280,9077
1627,9165
9054,8381
9595,1215
8367,8196
8647,6427
6387,11147
5256,10522
10533,7322
9080,9124
3782,13080
13654,11860
12280,1477
6661,6440
6580,6963
10790,1283
6537,1511
3265,8418
3962,4989
1974,12687
1924,12782
8873,8842
1837,12249
9683,9222
13544,6348
8612,5488
11838,2061
13489,11597
8410,2423
11540,1310
8696,4474
3142,11762
3322,13498
5329,5257
9792,4200
12752,7265
11291,6082
8813,8859
9140,5878
6184,4750
7065,6436
6507,6475
1527,2626
1561,10922
13289,5877
8120,3499
1045,9298
3549,8974
1508,11083
12772,2136
812,10487
6404,6516
7934,7863
8906,9065
10124,8348
9979,7758
9006,5966
9435,9231
5354,10710
6662,9417
6508,9476
13213,3813
12643,1698
11969,2029
13084,7415
12294,6736
4173,11953
12468,5160
7527,8390
10472,2792
1736,9769
10583,2333
7953,7924
5020,14032
4849,13306
11336,4715
7900,6846
7818,7646
8111,7531
3789,9506
12128,11213
8414,6243
7522,7044
4671,13846
5724,5908
1540,12574
2718,13596
7970,13557
13495,4061
4695,1027
12407,1628
11292,1734
11577,1894
6076,4921
5508,1850
1968,11629
11190,12412
13870,12403
12556,12769
11312,4168
7472,6089
7200,6734
10960,2032
11143,1419
1689,11417
7471,7767
10997,5523
5020,9456
6241,7176
7178,7023
7538,7591
6878,13901
7319,7014
12366,11700
5033,10936
1459,11593
7250,7186
8039,1535
2052,7502
14100,5290
6249,3215
4980,5566
7224,1094
7956,7180
5905,6965
8694,7486
5842,6138
5456,6099
1644,11275
12170,2120
1647,9468
11340,1362
7702,8121
6453,6210
8190,6478
7913,6644
7466,6032
6594,6246
2522,12298
7575,8099
12402,2327
12611,1739
8525,8744
8380,8031
13990,3678
8622,4346
10978,1935
4719,13345
11500,11030
7779,11215
10694,14196
9777,12593
7926,8017
13074,2409
9454,9549
4639,14052
2287,12887
9148,5777
10318,6843
6318,11533
11215,9757
10803,10165
10562,14204
3872,11262
6492,13283
8107,7309
8208,8742
11405,1916
1490,10791
13308,3280
13823,6570
11098,11916
7791,3534
3420,6816
1188,6484
7314,7268
6296,6881
8057,4947
2493,12174
7999,7149
8470,8531
13151,3251
3797,11444
13986,4814
11257,8617
13324,7200
12190,8158
11245,10906
10774,11142
3780,10907
3763,11321
3742,10947
4562,10102
13879,8784
11317,12581
7376,6987
8136,7674
7840,7447
8062,5390
8283,5319
2252,11826
8423,7523
12557,2322
11972,3042
14053,4639
9074,8958
13038,2085
9642,7361
11707,3265
12451,7251
11306,9760
8229,7167
3072,7094
8499,8772
8220,8304
4094,9491
10117,9502
834,6400
1265,8959
9047,7624
5598,12981
10612,10136
13796,13350
7603,7440
4731,13487
5074,13318
3922,12546
7863,13773
7205,12553
7235,13522
3324,10865
13019,3203
13293,2621
11692,1473
7134,5321
3066,13254
8293,8480
10539,9107
8629,8787
4836,6620
7637,10029
6871,8350
2992,7392
4812,6846
7626,11164
6669,6356
6640,6486
12197,1535
8046,3450
3618,8993
12620,9648
6324,4916
3911,3199
3937,10285
2239,13287
9856,6481
10871,4772
1068,9223
9981,7652
9308,11540
13538,8145
10685,1859
11591,3500
9081,5967
2987,12340
7392,10181
6327,9105
6766,6968
8449,8726
13275,7544
12939,5084
8927,1011
4074,11645
1170,11758
5994,11335
4047,12912
8073,7175
7564,6918
11276,6011
10456,5048
13390,8114
7503,8787
10636,10141
9795,10325
6222,13733
13349,4159
10902,5327
10762,2677
4052,9975
12073,11772
7844,7087
13437,4269
8163,8147
7656,8116
3800,10288
3009,9044
6792,9815
12338,7250
13895,4124
3725,10768
7690,6622
5035,5831
1783,11407
3716,13222
8210,5343
13307,3790
7600,7891
12739,12800
13110,3702
12162,2007
4140,11328
9856,9441
7794,1229
2467,5265
4354,4274
1077,11601
4669,9568
12628,11884
14042,4580
12958,1986
7940,5013
13258,2193
8752,5753
13356,5314
8984,8249
9825,9964
10100,10088
12486,12232
1610,9943
11352,964
810,10640
2641,10205
1811,9806
13074,2852
13647,4370
10184,848
6060,6832
1500,7006
6598,6273
2909,3580
2558,3196
2002,1750
7638,4965
3171,4150
4754,9037
8256,7904
3443,9013
10084,9444
4246,4912
12324,2008
9883,9805
4952,3493
4825,10447
5354,1040
8069,7815
1607,12267
2601,7572
12730,2321
4153,4260
4937,4932
1102,9248
7876,8362
11568,10512
7113,7106
6864,9768
9609,5828
8524,12246
1272,10510
12226,2292
994,11715
5613,5560
12004,2763
6597,3045
5144,5814
9184,8433
11005,5158
4870,8616
6673,9400
4222,13644
4058,13515
11932,1536
4867,13869
9268,1582
9363,9118
8022,5640
11562,9788
8432,8330
8304,7466
8114,7842
8417,8177
4472,13998
5655,13823
9240,11158
12759,3168
7337,5960
1698,3998
2542,3921
3551,2417
12656,5282
13359,3123
5215,13552
7817,3594
7514,11284
7822,8401
629,2788
6671,7587
7601,7966
4158,13828
10679,13063
7380,5993
6091,5031
7132,7594
1052,10578
2881,8138
2271,8637
1234,7003
2972,12205
6810,8339
7520,5864
13230,5694
12330,7317
7473,14096
13965,12239
3744,10211
1195,11122
3779,9357
9400,3416
9879,6895
1472,10980
1733,9841
9025,7478
8030,7460
3257,6379
5020,7969
6286,6764
9108,5958
6057,6079
2160,9709
5152,5147
2716,4953
2711,5814
9516,8833
7011,7067
14126,4753
8757,4802
13092,7442
6656,6612
9907,7390
5442,1316
6617,1656
4157,3990
13512,7000
4791,9642
6744,6475
11288,1568
11336,1021
6376,6470
12295,2279
13427,4114
13206,2671
7977,8726
1386,8826
13570,6815
5000,9675
13168,5160
13198,3322
5227,5108
8676,9951
11500,2006
12606,2704
13495,3509
13968,6284
11591,6669
8071,8366
9249,2145
4261,12269
6264,9409
9925,6383
12102,6835
11896,4146
9945,9317
5417,5688
8971,5854
11180,8236
13130,11962
5424,11339
8565,6013
11516,1360
12104,1298
10215,944
1081,10694
839,7179
13875,7176
4139,13140
8526,5924
8442,8061
8186,7609
13648,7601
14016,6964
7630,7214
7870,6989
8250,8474
4634,4263
1639,4866
821,5572
2925,1844
3628,8258
997,6928
2276,7656
9925,4487
13833,3421
5529,8657
6138,9189
2486,9947
11271,4439
13796,6344
9999,13783
8770,4576
12756,1689
2937,11190
3274,11176
13213,2756
3353,11414
2687,11509
7210,7810
6764,7320
1557,2583
6366,8497
4191,13788
8188,8422
7252,3204
9959,6849
7898,7954
10639,2876
12676,2124
912,11227
8168,3521
6201,6440
3633,1725
5307,10346
7421,5942
1264,10011
9573,9659
11044,9871
6635,6363
12692,10923
5023,10152
10068,4311
8583,5108
6606,4706
12806,2740
9339,1219
1078,1680
8618,4062
7454,6202
8709,6441
7282,8856
8157,10134
9791,6402
916,10736
9396,7288
13447,5431
12323,6680
9346,2201
5597,6164
1175,12312
11653,1186
4442,14056
5972,1762
6724,1270
8571,7885
10069,10698
11035,5539
8383,8891
994,11735
6287,8221
11517,6250
7967,7379
2853,11833
12020,1430
9262,3256
8452,1423
6715,9967
8424,10116
5573,9068
4861,9554
1588,9656
6520,7039
13874,4640
6566,13415
8380,10068
9426,7394
3316,12925
3636,5014
9322,1584
8495,6422
1034,9277
10240,2527
8490,4798
9329,6043
1977,12134
1370,10201
6175,4854
3149,4061
7898,11114
3663,8813
12975,2274
13753,3403
8792,5475
8588,4784
1307,11914
9417,1796
5496,9210
13888,4641
6649,6699
1004,7729
5897,9935
6023,9412
10173,10497
10877,10462
8310,10290
6635,7267
11888,12482
11952,12486
3220,13384
6386,6288
13510,2631
11682,3220
12038,5065
1468,12590
1162,11022
9224,7288
10103,2474
2563,13055
9782,6402
10069,2538
3567,9775
10295,1730
1340,2145
1511,2092
11009,3775
13823,3459
11843,2007
12058,2175
1626,10500
11353,6174
2670,13576
4064,12338
4652,6618
10128,7954
9058,3804
3758,9241
4614,13224
12233,2875
11911,1241
4864,3524
6981,6686
1217,11354
10123,894
12934,3235
9784,5218
7612,7543
7010,7598
11878,1665
3279,12932
3520,13946
12589,2471
9786,9795
7636,1412
12508,5196
7567,11191
2980,1508
12016,6817
13188,2920
12935,3436
12372,8056
3255,10838
7466,9026
6311,9233
10836,12210
1319,11738
2502,11631
6646,6865
7384,2899
5370,4956
3990,5096
4990,5490
4564,4182
2496,3674
5531,1361
6139,887
5612,1495
8139,7093
7753,10670
4097,12226
7369,3792
12280,7256
6204,8996
9075,8319
4801,10824
7095,13435
4370,6077
1666,10243
2452,9874
7738,6776
9244,6207
3004,12891
10508,1754
11847,2478
6465,1358
5769,1195
10625,4977
12967,3576
7298,6786
10489,10253
8013,7496
6788,8374
861,10292
6894,3908
9161,8990
10151,8322
7782,5320
5028,3817
5208,3388
6357,6214
9536,12320
8614,5417
9753,853
11468,1522
10199,1247
6132,5676
10528,8745
12241,10283
6609,13201
9866,9940
9154,8680
11558,12808
5011,13895
8213,3492
1608,12588
9165,8524
3642,9816
7305,6923
7942,7908
9051,8311
11725,5610
11494,6768
5780,6021
6803,6594
7902,7846
6074,10986
10454,12887
11806,7763
12245,8098
13554,12725
1789,1313
5993,13525
6671,13800
13314,3852
8493,8436
2704,6618
2174,8256
1567,7152
1361,10822
11785,10522
9410,11465
8381,10179
8590,3887
7716,3254
7452,7340
8384,13618
4979,9283
1354,9882
974,11340
10864,1408
8398,6324
11490,13363
2617,13074
13978,4959
12398,3253
11716,1837
13611,4813
13406,2686
10328,9796
6414,6945
10818,11286
11533,7193
11598,10810
13846,7473
12712,7080
13712,8767
13134,11110
8142,8576
12670,3166
1627,11813
4212,9395
4773,14060
14360,13863
7618,6793
4398,1895
4983,1509
943,3793
8730,5416
1060,11785
3118,10728
6307,6716
2944,11081
4827,5189
3606,13828
1315,12296
8532,8471
13316,2750
13230,4291
14108,4629
13904,3809
12591,5621
11572,1607
7093,9840
7015,9368
7644,9954
7989,10868
4548,5048
5298,4982
5967,5457
1176,10571
13513,2791
1306,11956
8236,7847
4332,13222
7524,6660
5200,5648
5675,12864
7610,7500
9521,9086
7265,6310
9070,8864
11400,11101
10143,10197
8848,11503
9182,3505
8020,820
6236,4345
2191,12155
1186,6433
10140,10340
6580,7636
5910,5427
6215,6065
7995,10579
1797,12047
1601,10675
13702,4274
14030,4069
6809,7218
11806,2170
6515,8099
11731,12282
3596,13542
11734,2152
11572,2072
5084,9072
9258,870
8007,1758
11849,4207
5327,5054
4774,6439
8532,8112
7953,10140
11354,11182
13763,10541
2158,11885
8094,7406
1870,9392
1754,11928
13395,4277
8259,5470
9855,11616
5046,11501
7195,6980
1771,12601
5489,13123
7704,8125
12738,11042
6543,9195
5804,9077
7586,11639
3156,9332
9387,9008
10295,8464
7097,11342
13382,11380
11153,4306
11346,10724
3024,12156
8169,7442
11831,1178
7430,7010
11470,3462
8587,4619
3356,10864
8384,8694
7144,6814
7370,7915
8760,8731
7162,7318
6532,6832
9788,1213
5933,8616
8568,4912
3496,9116
5074,5006
4634,5074
7061,7551
12903,2918
13894,4220
6942,7121
7361,7302
10189,1134
9763,1289
10635,1636
4782,12307
13643,5186
13472,5905
6394,8792
6222,9668
8783,4992
7424,3934
11205,4533
11740,4636
5353,3275
4308,621
1373,1035
8477,5648
7235,6519
2098,12110
5786,13791
3177,13673
8237,7924
13857,5068
2830,13288
3317,7751
6863,6920
13592,9645
13925,8812
865,10964
5279,5390
10026,849
12584,1772
6668,10122
6257,1594
8355,10236
11828,7722
10224,10069
12518,1983
13198,3966
8782,4728
8707,5481
7121,8969
9440,8778
11986,6976
11141,9991
6827,6267
10160,5462
9666,6957
12455,10788
7768,811
1089,12092
12168,7510
7358,11622
1566,11413
8183,8229
10744,5538
11135,4467
8669,8339
10122,9693
13362,4984
8868,10511
10301,9963
10590,9742
1189,11374
1265,11221
10458,859
4896,1072
4880,1066
12082,7044
3187,1699
4257,1679
7709,11181
6505,1269
1495,8147
2633,6504
1746,6264
7781,7520
3683,13077
11243,4359
10938,3690
12755,5427
13009,1787
12115,7496
8838,4679
9538,10069
12284,11330
6586,6378
11214,1311
10680,1446
12903,2605
7759,1065
9970,8856
7572,1095
8044,7243
6316,6933
13176,3995
4133,12988
8071,1344
9731,1104
6095,6213
9168,1732
12117,1550
12275,8338
8629,4623
5006,3944
7702,8491
12164,8584
8099,8707
4786,8132
4908,3823
8734,5506
8334,10116
5892,7018
8577,8691
7885,10079
2381,12299
8461,7750
9235,7487
8620,6158
3876,7318
1112,7698
2692,13209
4778,7420
4595,4916
1045,2447
4431,14039
9890,6491
13151,2562
2972,11100
4147,4853
6805,4576
3961,4650
2726,3292
1938,2318
4729,10071
7238,8828
7157,6654
3413,10504
7401,9723
7202,7158
1348,12273
1420,11896
8481,6273
14014,4904
12041,1440
6870,6628
12052,7703
3123,2123
2588,2482
11872,1104
13736,3817
5254,11558
13426,7282
10213,4966
8352,8036
9167,8464
12002,5239
6867,6399
6222,8892
11061,1256
5760,4937
8970,1664
11022,4034
11796,3873
3155,8003
3683,8097
7831,1710
5716,1167
5585,5910
4510,4749
6388,7095
13328,4674
10584,5334
5940,10584
9958,9709
12967,7036
14006,6306
12666,1905
13439,2464
13671,4371
4404,6002
9025,9262
14038,4978
6776,9440
13085,2205
11969,2201
11458,7140
4051,13972
12300,5856
7479,7973
10660,9984
7993,11735
4365,9636
8242,8584
13216,2848
3341,7306
12231,8331
14022,4572
12758,7098
6532,13511
911,11187
6884,7106
3688,10003
2853,7328
5830,5999
12620,5098
10876,11032
10170,11050
10674,10744
4835,13317
10168,8686
9166,8846
10151,7293
13104,4009
6145,6639
3788,13604
7034,1211
7032,6647
8614,10058
11886,11716
12049,12981
1975,11600
10578,5327
5194,7553
12822,10771
7541,12111
12860,3182
7089,6631
5330,3316
6564,3148
6131,7081
2249,9297
6893,9449
3700,13666
1205,12087
8698,9817
6655,9391
4402,11908
7939,4967
5048,981
5892,11102
9567,9467
10537,13355
12000,8894
12706,1618
12134,2168
6474,8010
5574,5794
7983,7907
7889,7985
10372,4762
7287,7765
7984,10390
6055,12351
9162,13395
7838,10074
9707,11402
7986,10674
11489,13383
10875,13416
4970,6117
2404,13676
13407,3068
6730,7426
5032,5780
8160,1199
11226,4762
8451,5637
9500,5605
5798,3673
6989,6532
2162,2362
6869,8584
8014,11009
6239,12758
8364,8570
6717,6786
4463,5169
3738,2057
6504,8086
3758,11438
6558,6398
10704,3213
13170,9272
12236,7331
7610,8224
952,11462
13393,3108
12312,2173
1125,12114
12675,2018
9614,14014
12680,2647
7848,8308
3771,4271
2069,1602
8361,11720
11272,8417
8113,10220
10715,4688
11605,7680
9484,12581
7681,11211
6542,8591
12212,6782
12641,7421
7503,7644
5660,6082
5828,6643
11097,7100
4029,4728
6884,4464
5378,8590
5179,5719
1712,823
2008,853
8407,6261
9552,5636
6870,6929
7290,6552
6032,6141
6307,7166
2851,13671
8394,8293
7980,8479
3681,13431
8109,6445
9951,10185
11596,6754
6766,6684
2708,13152
10942,957
11302,6140
9377,6072
7281,6927
9034,5692
9894,5868
8729,8046
9563,5715
6924,11396
12768,3252
12688,5744
13491,4014
13877,7401
8569,8676
10067,8803
5936,10980
12880,12706
1925,12953
10066,942
11488,1968
12283,2927
4202,7622
11644,10634
13068,2345
3321,12977
1892,11604
13673,3848
10994,1521
2600,13470
1160,6440
9350,5975
10701,2344
9064,4086
5277,9415
3855,13991
10634,9828
9273,9133
7242,6833
8509,8290
8006,2366
9413,958
9768,2628
3187,13375
7494,7874
5755,6564
5693,6044
5092,4676
4865,5763
3532,5192
1266,7564
2138,2670
2446,3282
4520,1564
13347,4038
11298,1236
4310,4608
2802,7622
3649,13232
3355,13370
3754,10928
4519,13981
13124,7133
13574,8705
9982,10767
11812,1368
6665,12817
10598,2798
6053,10311
8424,8100
6152,5061
4143,13652
10960,3367
8570,5108
4832,7640
2960,13248
6792,9019
1274,10591
6803,7613
1560,9635
11513,1754
774,9956
12286,1407
10003,6438
10530,2986
7504,5790
6738,2553
6550,3181
9271,8745
6916,7176
3518,9762
6542,6740
11987,1738
10413,1456
4793,7287
11742,5562
7772,3258
10454,9730
8900,8181
5940,6144
5406,5269
12031,3351
3419,5261
4924,7438
3805,13101
9831,3135
9951,1707
7640,3632
3328,1652
2524,13505
13146,2732
10082,4932
10182,5691
8269,7162
3715,13074
5615,5086
8252,6248
8276,6834
6198,9410
5940,6276
4365,9384
10217,4964
5297,9436
10668,9921
10718,10572
13516,3752
2280,12223
6509,7229
6910,7868
12915,1870
6402,7987
6879,7100
11036,10178
5965,6888
10256,7613
3397,8682
10345,3141
5618,7476
5797,7306
9704,3339
8731,5815
6344,13288
5928,10904
4365,13617
4598,10360
11488,7199
10140,10544
10110,10834
11272,11654
10256,10542
1996,1299
5765,10875
7463,5940
4234,4649
2352,2070
10032,3144
1260,11227
9118,5630
9554,8864
8295,5523
4904,9436
1693,7613
1451,12544
3682,9816
2063,13333
3971,10261
9907,8837
11211,5215
12254,5026
1677,9296
7863,13418
6276,6533
3012,12644
11772,11506
10984,5239
8035,8624
9910,9402
8673,10258
11430,11944
13359,5513
11804,11726
10570,11360
7630,10002
8063,7463
1441,11188
8647,8591
8296,6274
5164,10688
11494,4869
13318,2483
1189,11993
13421,4603
8414,7766
6225,9044
3247,7947
9520,8884
6070,5802
10485,2582
8373,12460
4289,13256
3853,13102
12086,11841
9863,10424
7007,9315
9179,11223
1744,12618
2106,9587
4722,6601
13209,6603
8212,8158
6176,9690
6128,4886
6076,6462
9565,4356
9864,9136
9298,9375
6366,9091
4138,11442
3404,10096
1989,2196
6501,7194
6866,7480
4887,1332
6607,7481
8079,7956
2461,12420
4489,13806
7700,7589
7502,9970
10098,2522
7354,1354
2582,6899
5542,1774
4525,1405
7268,8109
4467,13268
8388,8468
10436,2765
13889,4008
8567,7565
8816,8061
12060,3139
10030,1039
9788,823
8930,9494
9680,9792
14034,6106
13651,4236
2957,12200
9856,1427
5723,6157
3012,7756
3518,13233
5107,5042
5111,1648
11298,5432
3909,11422
9162,1010
6716,6885
9253,3405
4341,2219
7071,6615
4107,13746
12660,6217
3728,13966
11939,12043
13243,10954
2362,2182
6226,10638
11174,4654
11381,3358
12404,2612
13186,2663
13346,2507
8628,8894
1580,12889
13303,7337
13756,7939
10133,8761
10312,8791
11701,12834
7444,11146
13857,11109
13872,11078
2188,12715
1580,12998
11330,1632
1079,11826
3458,10268
8710,1231
8450,5276
3817,9339
1602,5844
8067,5785
8318,5649
13740,10178
3545,12965
7342,6775
1420,11285
10225,786
8324,7724
6897,9319
814,9343
9691,4011
3563,6582
2616,8305
4687,7918
6609,11353
12788,6208
14044,6988
11974,12154
3213,7423
11962,2231
10889,1443
5963,5748
8865,8048
1309,11381
12144,1662
800,10766
1673,11700
1848,11897
5575,5189
6765,7114
9386,2380
10146,1072
7964,8725
10451,829
8025,3471
7210,6774
1721,7510
4016,13507
4333,12183
773,5947
4673,13800
4002,11297
4524,3882
4838,5853
1562,10838
13741,3321
13202,3378
912,1437
8234,8288
1550,9676
11892,2329
10861,1500
5828,6252
12396,2644
12071,9276
7292,9974
12372,6349
5678,5035
6074,5002
2500,3307
2470,12662
7403,8604
7018,6830
3463,9941
1523,12531
8335,3493
11471,1252
13966,5808
1352,11143
5085,5690
2975,11280
10054,1661
13326,3788
8927,13637
7869,4226
8577,1134
9907,8770
11792,2551
10612,11126
12976,2148
2450,9189
10125,819
12388,2781
8205,6406
6448,6778
1875,11584
3998,10421
3451,11360
4624,4804
4602,4553
5776,5404
4458,4752
1532,3432
3650,2982
6644,1143
4575,1383
6450,4586
4860,9344
2318,12440
3882,11202
12450,3215
13710,4194
11352,4326
3478,8391
12043,1991
1676,10535
3813,9356
3510,9433
7270,7510
8796,10854
12536,11438
7154,8849
3275,13549
9028,8769
11884,2353
13087,5554
13172,3561
9110,9128
3179,7872
11875,1633
12324,2200
4017,8066
1281,5371
10038,5950
12489,1980
9137,5922
10193,2351
7123,10790
7234,11108
3366,3700
9388,1925
2828,4409
7780,7900
6160,6225
8023,7430
2770,7042
8457,8243
6391,6679
5906,6670
1272,9176
7617,5903
7624,2556
7409,7064
14095,5098
4635,12362
6761,6897
13820,3811
9078,8406
1289,5394
10446,2596
7858,7203
840,7261
4388,4505
6193,7097
7025,7016
5275,5116
4128,13952
3985,13335
12166,2199
6090,13680
11534,3532
11848,1953
13859,4023
13392,4198
13814,10373
2844,2429
12265,1997
6741,13676
6595,6941
5178,13310
9957,9347
3800,10665
10056,8673
10384,7681
8212,10338
5905,11206
5580,9002
12562,13403
11627,12473
11768,12094
13593,12431
4035,9725
4456,9798
6838,11522
13786,5069
13214,4439
13810,4914
12539,3411
1924,1752
13339,2743
12930,2858
12258,1432
11491,1449
7302,7026
6528,6549
6524,9438
4188,11768
1794,12367
1255,10463
10515,4884
11459,4802
8608,9644
7830,8530
10807,11198
9865,9454
14022,4309
8617,8048
11540,6161
13444,4312
8437,8530
8637,7616
13582,5870
10301,10740
10480,9935
7814,10917
10704,11288
9936,10066
3713,12795
9996,1158
903,11086
5224,10443
3900,10255
3476,8978
11238,6848
6615,11507
9511,12011
8292,7839
5308,7564
7603,6075
11171,3368
10628,5560
1682,11078
5299,10671
1171,12232
11439,1171
1933,9826
13513,2850
13183,3661
10110,861
9772,13252
754,9796
11412,8407
12484,7459
9480,8879
9498,9031
8812,9097
9528,8947
8588,8667
5737,5236
6289,6558
7078,13609
1350,10719
7026,7145
10163,1310
13828,6690
7080,3098
4114,4153
11941,6896
1504,8720
9108,9537
8753,10442
9344,8958
8985,8658
5908,13786
11198,9961
10148,10701
11870,2078
5644,7440
7483,7592
1556,11979
8480,6457
8289,7835
13572,4666
8802,8305
3855,4494
3348,13674
9930,6944
9646,7090
5028,13627
8266,7479
5185,8646
11072,9994
4752,9108
6279,5789
2152,12670
12303,2741
12618,1670
8543,6627
7112,7288
4960,10140
11083,10677
3093,2238
1659,12450
2338,9418
12187,1496
3322,8154
967,11247
2320,12801
2439,11882
2506,13488
7236,4953
4196,3781
5082,7860
6052,7128
11749,7015
940,11482
8827,9363
9138,8900
4717,5292
11622,5534
7650,7955
12253,1559
7794,6732
13171,7582
7506,12127
13249,9690
9791,8926
11256,8605
9716,4204
7133,9956
12269,4997
7771,6752
9784,11002
11529,7149
9167,9858
9910,5577
11144,5819
2213,13320
7667,6656
7955,6234
4314,1832
2051,12928
6030,6622
2815,12565
7743,8440
8852,9012
5284,2286
8921,5984
12092,10528
10806,11220
7955,10101
10704,2675
12455,1747
5462,12668
6196,13904
11820,13880
2993,12291
6226,9388
13618,6979
11205,1673
1256,9207
10334,9861
8284,6603
11248,1264
3517,2665
1574,10307
9432,2268
1404,3822
5161,10208
3426,10158
2200,3110
9100,7607
8885,7537
13353,4050
4706,4364
11732,6842
6621,7686
8576,8355
2810,7787
1183,11272
12518,1440
11882,7532
4244,4186
3517,13329
7116,7890
10050,7910
2295,12154
12144,1570
10828,1154
10751,1376
11802,2412
2548,13412
13121,2191
11036,8796
1665,8920
4458,5996
4770,6278
5123,5983
1558,9929
9052,7284
6197,4877
8685,6069
7656,1542
7659,1491
8133,1953
9116,9118
7187,10017
12356,1352
6224,6549
840,10924
11786,2406
10904,962
2235,9673
6322,4444
7902,2002
8887,982
5748,5135
3036,3714
949,11327
1273,10617
2659,5342
2407,2396
2788,2105
1948,874
7623,7428
2685,12085
11860,5410
13313,2761
7629,10999
8921,9885
12915,3291
14048,4849
13371,2931
13597,5356
12141,4794
6442,8478
5936,7368
3320,5161
7930,5338
7858,8396
11119,9962
12316,2629
1852,11504
9009,8826
9009,9460
10548,9858
11990,6910
2294,11734
11860,3660
9875,5989
1776,2030
4102,12722
11343,5850
13899,5030
9599,8986
2564,12550
7964,10134
10108,5972
8462,7955
8065,7940
10860,914
3998,10472
3893,10046
5689,7464
7755,6919
10626,2329
6777,1444
6224,6183
7355,8761
7708,7746
7013,7448
5727,5263
7501,7500
3634,7734
13336,10374
11773,2035
9726,1395
13009,3474
12929,3477
1550,11068
2672,12680
6695,6684
9160,11197
9902,1271
10820,883
6391,6741
9427,3370
4406,7997
4387,4391
6290,3297
2751,1422
8619,4061
5445,1146
4834,7666
3858,4203
1594,8233
10254,10862
5172,5258
1763,2684
13038,3005
11940,2263
13772,3544
8187,5187
1362,11862
4159,11358
12592,12779
9017,9061
8003,8079
10713,4756
3721,11175
1592,8198
11110,5570
8297,5123
9711,6288
10211,10806
8456,11462
10178,10378
13998,9638
14080,12360
8330,10272
8782,8193
2935,13556
12094,7350
11389,11328
11904,11896
12198,12694
12524,13894
6976,6930
6588,6825
10556,11500
7981,11969
8840,6288
9697,9821
11598,1927
12466,1480
5399,5258
8150,8318
10657,2607
9520,1150
8015,5488
5800,1547
3225,3806
7407,3313
3186,3827
8022,8620
4668,6663
7304,5034
8025,6201
13165,11946
8193,8156
8540,5859
9923,10342
13940,5391
1904,12320
13063,3055
12942,2547
13181,3913
1588,12944
8441,8216
1618,11668
4940,8558
10427,1602
956,10057
11702,4003
8000,6836
7193,8931
7569,6040
9862,2660
8615,3641
6443,4664
6388,4626
4884,7119
2416,7440
1644,7419
1022,6559
3105,9624
1534,8360
4577,2858
4024,3650
2492,1786
12036,2674
11098,1564
6064,5963
2916,13006
1479,12066
10762,916
10094,1598
6268,8400
6699,6861
6270,6345
4495,4823
4985,5637
4720,5439
5348,9117
8460,7663
8570,7770
13111,3432
13241,3500
11876,2840
4309,11960
7194,13289
13588,5040
7065,8011
13346,12870
13596,13129
12302,13237
6426,6890
3706,13681
10280,5184
13628,2926
13070,2647
3034,11257
11216,1756
1140,10446
6449,1305
7151,6374
2819,7789
5352,860
2698,13089
8019,7633
11050,1632
7632,2612
9267,5780
8146,5132
10913,6848
3259,12903
9279,5756
11442,1660
8812,2318
12592,2902
12063,1673
10670,1088
7317,5141
5916,5143
8664,2387
9954,9569
12598,2389
13657,3941
7917,7156
4652,5972
13983,5511
8631,7654
11191,4215
11052,4076
11148,1869
12583,1555
9320,5958
3367,2649
3828,1971
2624,4058
13666,3250
13339,3311
9103,8354
11926,5607
8560,8645
8816,7849
11003,1047
14254,11550
7446,6880
11626,1351
11630,1090
10438,9862
9208,9750
5686,6494
11252,1271
11912,9730
9321,9089
8412,7962
13618,4306
902,8188
11042,3412
7322,14106
8707,13889
11026,5523
13811,4861
3775,10188
5705,13431
6509,4773
13474,3164
1020,8552
9358,5728
12142,2076
10688,5391
10316,903
2625,6847
1132,7791
9475,5776
5719,5955
1554,4160
5802,11143
9891,5880
9607,5733
8737,13623
6881,1301
1374,10638
934,10632
4277,1080
8188,8228
13156,3665
7137,9341
11230,11813
8514,7596
8585,4809
11981,12484
13733,13103
5945,8980
7289,7514
6591,6436
3905,11244
8260,1475
9767,9377
10630,10640
1157,10685
1738,11141
5910,9253
4843,12229
6507,13456
6494,9838
8345,6646
11290,5395
4129,9478
2696,12934
1018,11271
14028,4132
10555,880
2932,12644
12045,11129
8663,4467
8500,8106
11522,1285
8670,4194
11667,1071
9930,7430
6485,6413
804,8704
4845,3537
1376,2010
1872,738
7106,7128
1315,9544
7098,7090
8512,7728
9094,7250
13511,3259
4063,10406
9704,5942
914,10089
7360,8020
7178,9632
10512,1196
8776,1456
3224,11716
8182,7680
13510,3474
10772,7016
7222,7023
8101,1676
4833,5166
1342,2835
6846,13606
1412,11865
10327,5241
7334,7580
4136,12416
6082,6753
8350,10316
1676,11146
9542,8826
11277,1566
6838,3098
8703,1502
6900,1317
2871,1072
6271,2778
11226,4003
5516,12824
11555,11305
10278,9000
14069,5300
3972,9388
5709,9237
13651,9718
5265,7537
13456,2659
11594,1886
12432,3011
13917,4112
7738,8823
5304,10624
10288,6450
10028,4870
6022,5827
3835,8348
4294,12308
6917,1134
1252,10877
7477,7937
6306,6273
5161,5219
3760,13046
5493,1634
6461,774
8060,5004
3318,4996
1234,11719
7599,5992
10480,2851
11394,1899
11436,3748
7314,12207
6213,6263
4700,7067
3584,7138
664,1067
9823,9756
8959,9460
9284,11395
8865,9929
11282,5386
6782,8431
7788,8016
8616,7516
2839,11515
8138,13836
8760,8844
4422,9971
11604,11277
11183,10739
11797,10618
11513,10117
10942,9930
7793,6703
11571,9676
12172,11862
5002,14095
4078,12539
5410,12524
12546,1962
8019,3508
8984,4137
3201,9036
7535,5048
6087,5984
11680,2142
11604,4106
6319,6794
4948,10357
8012,5075
12833,1868
6033,4964
10716,8968
8936,8203
8123,13919
10711,7591
14336,14038
9294,13840
10962,12903
13540,12378
13468,12119
7406,5040
1668,11817
10824,3332
1440,12035
3018,13021
13070,2019
7932,7200
6967,7592
5838,6596
13121,6874
8844,4430
10925,11055
8635,8457
8698,8055
6614,6882
3099,7948
12635,7146
8853,5532
6014,12539
12127,1292
13018,2213
1172,10646
7613,3220
7332,1303
7113,6924
9406,2251
13303,3059
7362,6958
13319,3234
9119,8412
12485,5323
9212,9234
13381,8680
8309,13431
2332,13030
10819,2437
9580,5428
6019,4582
2764,7108
5132,3110
12732,2353
3072,11527
3000,13362
11714,6672
4996,13412
13440,9221
13886,9108
14042,7101
11828,11456
14082,5458
3828,9692
10247,5053
10040,10253
10204,10100
7260,13649
8222,13915
7975,8211
774,10356
6420,11307
8414,8104
9270,9156
13231,11304
10459,9884
4358,13620
4392,13577
4007,13632
13421,3086
8522,7867
8881,8242
4848,11644
9861,10345
5682,8529
8071,3348
13157,7170
7762,10443
8542,8080
10454,10607
11472,11856
13252,2757
7371,8651
5166,5541
4626,10014
13166,8519
2846,12630
9268,5633
5953,9102
3114,12711
2797,12629
1109,11582
6824,6208
8502,5778
6242,2001
5997,5628
4181,4164
7283,6673
3719,633
1017,1691
9890,4615
6944,6889
1110,11896
3782,8612
3465,7900
6363,6609
2892,7247
5217,5204
8561,4733
13100,2622
9397,11327
6851,9640
2996,12705
9863,6623
7760,7444
6831,6198
11606,1895
6197,8252
12504,1526
11935,3371
8787,1422
5353,10197
10711,4979
11202,3851
5928,11374
13648,9330
10279,955
13465,3021
5366,10472
3228,6437
8421,6458
3333,3879
6586,2696
3585,3483
4515,12027
2032,12900
8816,3495
8303,1025
9562,7034
3385,8734
5008,9556
6945,8992
14009,7720
9000,5794
8543,5398
3118,10986
8127,11828
7756,10439
10671,10128
2705,13108
11408,6548
8895,5756
9562,6022
9050,9087
1612,9926
6114,9021
10271,1682
5641,5230
14049,4528
1022,12114
1946,9553
7530,13274
4254,9904
4550,5138
990,4739
9124,8848
10303,5795
1732,11304
7684,8152
7031,6453
9867,1193
7583,7337
6378,8000
8729,785
7799,4180
5446,8560
8007,7419
7294,6743
10708,8967
14027,6665
3193,3676
5924,10306
11260,4758
1389,3748
12014,3290
1343,9277
10086,5785
3466,10557
2614,1873
12806,3127
7346,8894
10562,876
13214,2596
8404,7922
8861,6020
1020,10755
2498,7403
9444,5707
9772,9706
7281,1592
12919,2618
12862,3388
7622,7170
8356,6768
7317,7665
7355,3960
8308,7388
12314,1780
5392,6193
9891,2623
7981,4085
7628,2543
4080,1620
3782,1808
2254,2258
4173,12705
7794,5012
6769,8124
3574,8316
7072,9696
1448,11912
13244,3568
13693,4554
4311,12380
6014,5809
5650,9164
12467,13235
11814,5149
7889,5928
12567,2858
3022,7076
10307,2753
7787,1524
9221,5394
7779,8077
1798,11039
6989,9689
6042,8961
4169,14021
8586,7789
6697,7726
3550,11667
9464,10014
10799,10569
8860,5988
1218,11650
11965,3116
10118,1054
3122,8357
3295,6767
1244,11058
13120,2940
11224,1530
7901,6774
5885,4980
7600,8376
11471,1676
7057,1358
6102,6255
7418,7802
8723,8422
8976,7771
3471,10220
6635,1354
7128,1176
7146,3898
3875,2513
3008,2982
2112,2127
1296,1044
1403,869
1082,511
3532,13511
1676,11935
6368,9350
5662,13342
5877,11425
7414,5865
5733,6517
8747,5601
1663,11770
12910,1983
7324,926
1610,12007
13565,2714
13892,3415
4072,12819
2862,7760
2725,7225
1178,12295
8324,7370
6750,6538
1667,11107
10150,8123
10567,7514
1290,6758
1896,12187
2522,12277
7686,1239
4484,1364
8846,1544
1722,2442
2375,3258
3318,1602
1899,976
1766,1056
1758,11251
7174,4726
12939,9398
3008,9743
10512,3026
5735,6112
3303,11896
3200,13139
6925,7007
7023,7065
13018,3401
8745,8088
5058,7769
11502,6306
2403,8503
3324,2999
7144,8002
3574,7706
5806,4968
3412,1571
2500,4720
13120,4685
8284,7942
11700,5802
6640,7777
8151,8459
12250,1681
1564,12852
1469,11524
1153,11338
10140,1404
6366,4930
5878,6712
1155,5345
2840,5450
2689,11892
3006,13268
2072,8804
2238,8902
6674,1168
6898,1718
10486,859
10978,1744
2333,13066
10663,1405
1634,10025
1260,10923
4618,3989
2870,11896
4742,9504
3545,7296
1623,11311
11956,3854
4973,13722
7649,7522
7725,10263
8812,9330
5386,8819
11142,10187
6453,13760
1968,9860
6276,9736
5504,5179
5279,12445
11136,6888
7821,7552
11525,12140
8673,8516
5264,10257
3424,13170
7694,8600
1690,7414
6180,9563
4186,9379
8822,7723
8151,7717
360,215
1141,11596
1990,13012
1749,12390
5532,6225
4259,4529
8501,9030
8727,5548
1420,12030
1035,12042
9266,11366
10319,10025
9656,9228
10539,8985
10841,8643
7807,7118
9774,5370
5327,4823
1188,10457
6870,8192
13923,8003
13330,9371
9148,8446
7412,11984
5322,11542
8098,7082
3772,13145
4779,7295
8595,8471
8326,8194
4157,10317
5870,10384
7542,1118
8737,3809
8062,10031
9501,1889
5356,1023
7761,3597
7762,11784
6150,6477
10968,9814
11153,12031
13596,9351
14419,7350
7976,7919
9195,3724
6479,12707
3155,1626
10420,2499
13303,3552
8461,8253
8766,6648
5083,3910
5317,8870
5652,6295
8654,4350
13707,6878
8831,8945
12508,9698
10083,4536
9045,7549
2494,13004
9735,5544
1500,12804
10055,1317
1375,12402
8667,3521
5077,8483
1196,9748
10184,2378
12985,3051
4890,4886
6355,5090
3520,5096
4424,4190
7598,6864
6960,6770
13347,3456
1180,12222
9672,9270
6877,6562
13455,5266
12007,4947
13417,2663
11372,7872
11237,6563
897,7864
3296,7684
8750,8884
4372,14015
7538,6686
10111,11068
13966,8742
1740,12790
8597,5323
4064,3392
2117,4609
2566,12074
9088,8877
4379,14072
11572,6584
11203,1889
3256,6864
7054,6714
5674,922
7460,1092
10951,9964
10411,1150
1680,11437
8591,8384
1568,9609
1664,6642
11883,3716
6639,7144
5287,10551
13567,3177
3920,13071
7117,7158
10052,9451
3413,8629
2275,9131
10254,9739
5499,5638
6755,6544
10004,8740
10148,4568
11844,1072
10654,883
9339,5540
7354,6372
12229,9170
4770,9926
7681,6617
8034,5882
7845,5974
8713,10119
2926,12999
1930,13147
13732,3506
13501,4176
11157,6377
11051,7727
10253,5498
9976,5260
8498,8892
6781,13688
9832,5971
4860,10076
7397,8657
11756,7262
13206,9953
11330,6007
4736,9904
7006,12956
8177,13926
799,10382
4792,13508
7403,12235
11478,10847
5552,9142
10307,10222
13208,4327
7615,7122
5650,5581
11920,3922
10277,13883
12080,10734
4838,7696
7165,6586
6240,8218
7808,5274
5422,6069
7339,7579
7260,7538
1714,10786
7433,13936
12582,2176
8000,6710
2687,2935
5144,5196
7563,6063
1286,10582
12094,2828
4992,5273
10132,8569
5926,9358
6641,11384
2370,12387
7683,2249
14130,4625
13659,6651
8985,9630
13058,11371
792,10390
10112,5705
929,9815
7982,8576
6418,6658
10761,5240
11526,3277
8187,8708
10016,8195
7568,11316
7784,11788
8827,9973
1355,12204
6612,11344
7149,11651
7980,13911
7541,7295
10090,10797
13027,2781
13307,4546
1411,7978
8855,1381
9165,1934
5176,5808
5299,842
1417,8545
8241,6800
13466,12700
8456,6417
7283,7263
2005,11767
9331,4500
3540,9053
5805,7558
6442,8280
8818,8893
12703,2303
12647,3214
9486,9120
3611,9605
7536,13578
6920,3112
5678,8768
8366,7878
13124,2922
7639,6844
11176,1647
7665,7762
13508,3162
14079,4266
6758,6791
14033,6841
4188,13975
5780,8672
7095,7601
9505,4724
9892,11511
1557,11215
13245,2665
13140,2571
8449,8509
13375,3056
8222,7751
3380,13068
10448,2943
6556,7203
7892,4964
7112,7098
6098,6284
6432,7898
1034,7500
12022,12941
10035,10743
3647,10846
3472,10012
8758,9022
7484,13527
5493,13711
4537,12100
13613,13026
6451,7262
8752,8492
7214,8085
12124,1293
10334,2823
12219,2446
3517,13034
8228,7937
3004,7850
8624,6730
7025,6502
7172,7460
7180,7481
12491,10620
11975,10840
9967,9512
12180,11975
11369,11085
11708,10983
11408,8010
9580,6212
11500,12209
2648,13224
13092,2945
1996,13271
2756,13518
1173,3259
1872,4093
7539,3832
5130,880
4658,6017
8288,7560
7645,10134
4784,13985
10819,10525
10269,3192
8166,7831
7035,6153
6232,6631
7831,7266
11112,7152
11291,5581
11616,1167
14055,11086
5358,10595
4917,4895
5008,7907
6292,6052
7429,10127
13853,3730
6662,6719
13786,3384
13740,4254
8863,5764
11769,7111
12394,10522
13800,13106
1106,11100
5306,8670
12937,5148
10561,1779
5366,5912
7324,7502
8300,2478
6481,2605
6376,2440
3888,1172
8064,1898
8772,1663
6001,6110
7784,7004
7546,8426
3149,10837
5162,4767
7422,7573
10381,7629
2339,7562
9899,4331
5005,13368
3416,6919
1632,5476
3111,13846
9380,3490
11783,1921
9883,5493
13081,2947
9334,7410
2828,7019
13490,10768
1367,8318
3690,8284
10826,881
13114,5024
13324,2462
8831,5629
1297,12540
7152,3030
6458,9914
4478,9408
4726,6018
3685,7414
10669,1355
6014,6038
6610,8503
6396,6913
2233,13433
2950,11353
10105,4531
6359,9989
7581,7355
4048,2992
1581,710
13343,3433
5481,7687
9083,1171
5550,5446
9247,6195
6644,7238
4016,13851
3265,12979
9067,8757
7044,7748
9183,5447
6602,6824
4880,5239
12598,2095
8692,3360
13779,3843
4490,12058
8141,8530
8022,4758
3313,12920
7796,5008
4332,10064
1634,10742
4865,8592
7660,10083
7742,7783
7543,7964
1621,12061
11809,10974
12743,11995
12936,12113
8501,7892
4974,9344
8383,8573
7736,6816
6563,6256
13052,2636
10847,4777
10724,1407
5066,5226
2574,2331
5683,13394
4639,12300
8363,8000
13572,5152
8636,10138
7469,10092
8406,8323
7144,13317
3631,14009
1548,12141
7656,9779
10636,9111
3724,9176
13767,4236
2173,12060
3416,9443
8046,6992
1584,8200
6928,6223
7062,7455
5919,6599
6222,7204
6953,3818
12144,8702
11945,1256
8414,8515
3913,9615
10404,4853
10626,2798
7114,9674
7538,12468
2570,13299
2917,13634
13203,4149
13474,3873
5371,14008
11027,3808
7112,7848
8561,4695
4852,10624
10630,13719
6486,11491
13698,5851
11168,5896
11822,5612
11107,12098
11323,6859
11766,7737
13923,5033
5616,5050
4725,7375
5742,9069
8822,8839
6604,4615
10541,1553
13218,2173
13634,3543
8361,1619
4236,3643
9991,1538
6832,4418
13743,6533
1637,11344
9762,7189
8514,8490
4206,9610
3655,7291
2244,4130
1568,5077
3469,8676
12482,11227
2568,12252
876,8322
5630,5416
10392,5058
11348,4239
5878,1342
11246,1351
11967,10670
5862,5997
9744,2426
3800,11575
8978,8758
6970,11324
7951,5002
11860,2175
13329,3231
10727,2230
10049,2364
8365,4776
7669,8310
6144,6317
5766,5076
8480,5019
6337,2736
8320,7544
12504,1610
4276,12021
11392,1309
2643,12413
13590,2868
4261,13695
10838,10755
10086,10193
9441,6106
8824,8773
10051,7257
14086,6420
10195,5829
7504,10048
2217,9089
4353,4708
10150,2629
10547,2722
838,8934
6647,6773
6222,1492
4281,2421
1328,770
3766,13262
7085,6933
2822,12091
6421,11207
2820,12087
7776,8359
7677,7291
12968,2961
12920,2248
5540,7656
12737,5409
12477,5604
4298,7420
5065,6092
9415,9802
10568,10779
9900,9808
12194,11107
11032,1760
10892,2084
14064,6922
13720,3496
6646,7354
5300,7911
10119,6832
4141,11364
5901,12452
4464,9133
8690,8866
10534,7724
4176,4148
6103,6213
5943,6674
5603,5893
11180,11727
8996,8292
1651,11407
9785,13748
11303,1057
1601,10775
4442,4874
4518,11516
2357,12276
13091,2945
13295,2810
7835,8465
13542,3794
12789,1851
12511,7293
12872,9671
9888,4049
9435,9099
9300,9712
5577,7739
8249,10201
8036,12148
5666,8731
6523,7916
12665,10670
12862,10695
2031,13310
5617,4951
4879,5003
8162,8114
7632,7775
11497,6417
11542,1191
12922,3449
5842,6565
5567,5077
9004,9039
5974,4425
8212,7968
8044,7906
768,5221
957,5047
2050,2707
12183,6450
3990,12452
8178,6386
6776,6561
7255,3522
6409,4474
13556,3138
12501,5237
9754,6297
10511,5106
3288,4276
7980,3272
6702,8427
7159,13939
1922,12156
5749,6289
13345,6459
4316,9886
6883,4297
7982,7220
10352,1577
11092,940
6881,12666
13459,6272
7172,6051
6840,7535
6624,8434
13216,2301
7729,7120
6540,6250
6655,4766
13019,3184
953,7570
7383,6709
11826,1634
9852,6379
5346,13155
844,10780
13889,3898
8076,5144
6992,6255
7872,7630
8644,6649
6761,7469
6652,7686
8381,3418
2038,7481
2754,13428
11272,8596
13398,3686
9022,7688
2385,13485
6357,6166
6754,9671
4907,5751
13090,2632
2962,12438
10013,9029
3491,9198
13218,4010
5312,12402
1652,10644
10825,3312
4884,12428
1342,8326
8046,7744
6606,6558
10400,5060
14122,4558
13434,7874
12510,3230
6392,8766
11196,12110
11584,7164
9091,1592
8950,4162
2060,12894
10204,1092
7694,5202
6481,6278
7319,7046
3183,7819
10293,2700
12560,5190
7324,9939
13973,4819
13818,4920
10506,10195
10276,9812
6740,6644
8221,6812
9034,7206
6057,13382
11624,2028
13984,7784
13444,12625
6762,8565
826,10206
12458,5135
1695,2659
1718,5590
11419,1362
2888,13296
11262,4433
6250,4522
2369,12302
12944,2786
13040,2736
7169,3961
7150,6196
7730,11093
10277,5371
11573,1885
4451,4233
6499,6463
2100,13202
1216,11364
3463,8633
10272,8904
10066,8382
3616,13197
8678,8148
12189,10388
8768,8070
6465,1727
8968,5694
3562,4028
12180,10276
11624,10003
6469,6593
12620,1993
11074,3315
11656,7217
8952,3814
10391,891
9891,9234
8691,10173
1404,10092
7826,744
6115,4972
5457,4962
5125,13746
4616,13800
12186,7522
12029,7316
11402,7591
8804,12915
7169,7046
8490,7902
7986,7972
10924,9942
6792,9704
5893,8648
13611,8409
5624,11369
5806,12802
8160,7997
8470,7788
2020,12226
1221,10936
7001,11580
7982,12017
7652,7750
4621,13412
1892,11634
3150,6842
7098,11496
6978,11598
6480,9168
4594,5330
3646,3427
4090,13466
8794,8021
10146,2310
12986,7296
7726,1576
9358,3656
7590,7731
6036,8984
9209,8513
9356,2342
11423,10824
6995,2954
6195,6292
3631,3212
2154,3176
13641,5653
9323,9022
6092,12405
4531,13742
8886,9415
9448,13541
6093,7177
10022,4508
7708,7016
4126,12432
7265,3524
12089,10426
7501,6854
11604,1131
5851,5594
4365,4996
8902,1308
8625,3609
9450,1830
13849,3806
13996,4346
9986,8447
11652,7654
4795,14043
13358,4803
9849,6504
11654,13191
10938,9891
6184,8492
8957,9914
9420,2224
7219,6789
12325,11365
1481,6284
1974,7672
5711,6447
4688,12245
7618,7810
10448,1530
6556,4597
6024,6358
12613,1634
12381,11177
9125,8903
13467,13959
13652,12508
5005,7799
3486,13228
8572,12514
12382,5369
14034,4615
2784,12326
8089,8568
1390,11251
7821,8396
7382,9739
7126,4023
10545,7495
12614,7320
4091,13498
11488,8194
1408,12654
11589,12581
6354,12100
7162,4914
5307,13104
981,3839
10224,2347
10451,4761
8147,8178
6233,6214
7380,1439
4074,12869
2384,13365
7674,5017
5264,3682
6476,2454
4521,13751
2402,9980
2701,9884
7571,8856
11740,7244
8548,10194
2798,7186
10452,8921
8457,5956
4422,9788
11361,1655
7063,7246
2324,12686
1713,6809
7092,7530
1728,10282
1520,11178
762,10434
3204,10773
3789,9434
6821,13022
6178,6561
10020,12126
10137,9652
10066,7616
7578,8372
8502,8489
13428,7846
5923,12809
1011,11339
11612,6556
7668,10231
4145,13836
2062,12448
6243,9315
7201,7139
6913,6216
11338,7698
10221,10528
10157,11027
8362,7412
4349,4328
5028,13349
3739,2912
1985,11668
13250,6422
11699,7417
4623,13412
12928,10627
6005,9018
9296,7317
11806,9324
9196,9845
8717,10574
14198,10675
3259,13753
6926,7171
13334,5712
2745,12865
1487,6973
11417,1413
1333,11144
2740,5288
4311,3787
8210,4821
4405,1120
1871,1461
953,592
3873,12910
7244,7152
2539,12587
9376,8990
8522,7615
4959,8378
5906,6148
10494,2991
7913,10578
10259,10810
12794,2697
8150,6582
6663,7422
7053,9421
9975,10897
3773,10849
7526,7341
7763,7718
13614,8519
7175,9038
10640,930
6959,9314
2587,12967
1602,10524
8629,3210
10837,1615
5935,10724
6676,6694
9130,8687
10039,10528
12608,13388
11100,11661
9386,5456
8490,8034
14100,4546
10761,5598
13771,8375
7166,7186
3156,12963
6642,6877
8725,4605
9091,6124
2594,5576
1902,1532
11349,4291
1565,10846
12367,6464
13058,2298
12921,3477
7094,4424
8727,7954
1327,11501
6805,6924
963,11659
8711,5610
1569,7670
1679,7880
8181,7473
8653,8434
7468,924
8766,9960
11203,5923
10109,5954
10688,10648
10103,11083
13988,8402
14059,7195
7358,8568
3144,12762
9240,7365
12616,2121
8073,6629
9179,7422
11126,6226
6621,10005
7672,7702
8897,13242
4503,9618
8890,8154
3186,9290
10069,5532
2172,12610
5587,6382
2328,2077
571,553
1399,3499
1136,11641
7880,7706
13402,2554
11887,3766
3944,9614
8756,8999
7681,8608
7725,8543
7280,8010
8189,10229
6766,7067
1872,3951
2801,2310
542,1821
1207,10496
2778,12768
8466,10028
9970,4846
969,10253
7077,6769
5632,5909
9155,9478
9988,6098
3947,4486
3972,3568
6236,10094
7919,8199
1756,11516
2707,12124
12491,1980
6511,6748
989,10246
13754,13758
1107,12231
9952,4773
13985,8636
13291,3696
3972,13355
8285,3614
11807,4256
5350,5515
4399,3884
2909,3952
6732,6749
2899,2523
9267,2109
8959,9478
6834,7400
8239,8698
10604,2230
9728,2616
7714,11108
9394,8816
8644,12616
7975,8026
7294,7132
1318,4848
4677,4837
9449,3478
7552,6880
4142,7182
1276,6502
10656,1738
5327,4893
6213,4699
4648,5958
786,5070
6698,7947
2760,4511
7866,7942
9409,2444
2505,12497
3052,12693
4501,7526
4870,7578
10904,11343
9165,7496
1137,10933
12293,9351
6994,6814
7558,7446
2742,12400
11430,4626
7900,912
8846,1472
6760,4663
6125,1756
5482,1197
3888,3700
9406,1709
5839,3776
5252,4886
4818,9954
5978,5995
1293,12331
7722,8007
5470,5810
9795,6162
12326,1212
8177,5828
7943,7299
13039,11361
12203,7314
9705,11746
4599,14048
13112,2101
12897,2715
14118,4797
9099,13668
12410,13762
6909,7658
8026,5334
7418,4762
11214,1852
1444,12058
4360,13566
13107,2252
11852,2518
11566,7895
7485,10200
6910,4813
1618,10525
3814,10368
9856,10323
5539,11229
11300,5672
12600,7302
2027,11939
8132,8133
7930,6788
7980,7997
4040,13676
6737,13484
9265,8781
6478,9401
7193,7092
8671,6392
7656,7386
10130,7212
2106,9795
6482,8049
4881,5385
6964,2752
7239,2817
4044,13580
10494,10108
2704,12604
8388,7562
6146,10152
4012,13635
14120,8078
10232,13135
14095,14457
13680,4594
9682,5415
7079,6609
10101,2583
11916,1272
13395,11918
2596,13529
9495,5592
5223,11055
12729,2843
1651,12229
13440,2375
5926,12761
6891,12494
5094,2473
3192,2472
10986,4488
11762,1867
8037,7391
11865,1595
8432,7466
13081,2776
11546,1801
12544,1581
9610,4122
6376,6751
4072,3654
4614,4985
11588,11319
10490,10122
5224,10906
10330,5130
6420,6270
6776,6711
2722,2154
12060,2548
3342,7722
8184,1987
8158,5756
4710,7002
6423,4698
3234,2524
2709,3493
3470,2347
12430,2574
12066,2013
7155,6118
11064,1207
3442,6814
3602,2924
7358,11442
13095,7485
7697,8237
5275,13937
6971,13670
8246,13476
8628,12188
10982,7212
7527,12231
8225,12176
13110,7309
12311,13248
7183,6731
7796,7344
4792,7887
8495,4825
4255,3925
5608,4970
8142,7807
5182,4927
1097,11514
5880,5089
2414,3710
807,2372
7871,6848
12040,1266
9174,3445
8182,8386
8724,7490
11949,1747
14079,4393
11128,4826
7409,12349
7403,8908
8083,10017
10720,12434
5142,11669
13405,10231
5659,13598
3529,13168
8752,8737
8716,8874
9101,8407
8826,6532
3802,11060
9784,9396
7488,7290
9961,9478
10542,12218
10647,11188
12963,3300
12238,2379
7242,6189
3868,12614
8786,1343
3990,12910
1358,5373
3048,13392
3173,12800
2912,12441
3770,12833
3109,9603
9192,9080
13258,10040
7482,11415
9210,3628
862,10785
13072,2985
3923,1563
10193,4714
3258,1548
6503,6519
11155,1153
6108,6620
13586,2970
10635,1389
5640,6242
4724,6430
11176,4556
3754,2734
2918,4238
3242,2742
12933,3081
13615,3616
12842,2931
4717,14067
3708,10454
10830,5020
3017,8088
2454,12292
7131,1382
12556,2340
1948,7749
8194,6134
7844,7964
6708,6396
2882,12574
10313,2551
4881,5565
2350,2877
10462,10350
4746,13982
3473,9914
13573,4060
10036,7046
5444,12208
1674,13080
6400,6780
3894,13274
9216,5472
12580,2549
1077,10238
13489,5954
8410,5371
7100,11428
7273,12274
9656,9444
4938,5278
4359,3896
7399,802
8085,4966
2108,9661
5075,3170
2250,2564
8678,13379
5057,12385
4064,11622
6116,12510
6982,13206
9074,9334
6658,13194
6023,10027
6309,11412
2615,13141
7491,7268
7842,8334
1577,10908
10674,1472
9332,13760
11301,11869
9680,2435
7278,6594
12500,3209
10749,2447
11336,1323
11686,1229
13003,3267
10406,1292
8940,8714
6928,6539
7022,9706
13155,2992
13253,5869
6710,7000
4124,12707
7665,7406
14073,4560
4835,13662
1933,7536
2433,12546
8863,5690
9337,5689
7021,1246
12804,2328
7665,8025
1136,11709
13870,5928
1014,11281
6311,5903
7733,7274
13901,5084
13141,5391
12040,1365
10511,1374
11134,1820
2632,12587
1243,11223
1737,7156
1479,10517
11959,3141
5246,1377
9874,5739
4841,4717
1559,2157
1774,5163
1935,2982
7662,5001
8819,10000
8413,13118
4914,3782
8462,6734
6418,7133
3001,7841
1921,4540
6648,6208
1258,11602
1678,2694
1947,2733
3668,13954
14142,4402
6901,6729
7662,7446
12986,11803
9541,11676
12966,5384
6724,9448
7060,10018
8968,9974
7166,3523
10103,6603
12272,8074
12010,2237
8312,3505
8120,6963
12370,5596
11764,7439
13400,3288
2742,11774
1552,12444
11009,4035
7800,5020
6776,6281
10195,4560
14023,6015
13779,3137
4989,3153
5303,5043
11512,5970
4788,10008
2785,11541
8546,8482
7905,3472
9204,9981
9112,8975
13719,4315
7371,1129
11000,1896
11133,3587
13116,2274
8623,12608
7037,6349
9551,13460
13789,9972
14087,6386
7514,7943
7216,7734
6796,7122
5467,7821
4827,8166
5116,9030
1740,11241
4732,9407
5606,5699
5342,7583
1864,13202
4782,7652
5900,5739
3869,10484
12948,3364
7898,5238
7282,9745
1782,11096
6912,6783
2677,6977
3003,13016
5018,8925
1533,11184
6100,9156
13704,10036
1512,11123
7967,14023
12197,11258
7907,7856
3148,11525
5208,5161
2482,1125
12915,2631
1620,8189
964,9070
1046,9345
8878,8810
6911,9415
4634,4952
7107,3132
7253,4644
13624,4582
12090,6904
1169,10389
6437,7881
2382,9901
9465,4324
9193,5773
7728,4870
2185,9647
5444,7700
8475,8102
4974,5598
4901,5612
2726,3378
7070,7516
6128,5969
3372,8407
6879,7091
3314,7785
1094,2520
3200,10529
1585,11327
12773,2819
12378,2902
13658,6965
13251,5163
6292,8388
6506,8574
9851,8054
13923,5890
12938,13987
6188,9053
1878,11493
6601,7288
10183,1231
11858,3185
7952,2182
5187,12185
12261,1569
8544,4956
13386,9246
4813,5650
8082,6457
2125,1824
5118,3133
1418,12191
7363,6155
11738,2474
8581,972
10486,1440
9200,2432
6024,5175
6191,4419
3964,3102
10246,2894
2771,7372
2264,5520
8478,8218
12627,3171
2202,12016
6177,9455
8150,6825
12162,6562
7226,8159
6680,6248
10192,7876
8960,8879
13161,9012
12479,1534
14098,8174
8622,8690
12294,12822
1802,11566
8542,8112
6256,8803
12199,1484
12828,3365
10279,4462
3252,7744
9163,1695
9934,1726
10001,9043
6236,5195
2946,9723
5245,9184
4780,3474
13630,8519
14020,9660
13420,11856
13524,12012
5556,12626
13565,4087
2150,11861
9133,7200
8444,11648
986,11492
1361,11331
9951,6986
10652,7206
3928,10240
3099,7130
13637,3971
13407,5182
9744,6437
12920,2495
3936,14013
12672,3146
13988,4007
6249,10331
9070,8784
12877,13114
13181,3117
11571,2019
12336,7342
12201,2053
6541,6922
13018,3726
2627,11976
811,10425
8535,9985
12272,9282
5758,5956
8832,13125
7144,11658
7177,3516
7346,3578
6973,4127
9745,5960
10555,4705
4163,3410
1780,11220
3536,8362
3808,4119
13069,2802
13221,4347
13619,12569
9246,6056
8412,7740
6955,8031
13062,11121
5893,7443
10872,11455
12280,7998
3612,13669
12284,1437
3545,10806
4508,13688
3675,12977
10062,8101
14029,8467
13699,9527
9294,8589
4815,9861
4542,4902
12069,14023
13138,7988
12542,10455
11753,10541
5955,8355
3665,13096
4466,9321
2654,9886
10221,1155
6900,9368
8624,4359
6528,6752
1080,5102
3946,1660
8017,7958
7846,7074
2533,12909
11833,1965
11879,2226
11563,1414
4120,10146
8420,8361
7126,3116
11912,4031
7086,7159
5735,7392
5317,5904
4539,4386
2736,3583
2070,12686
5021,3124
6699,13213
1240,1878
8984,3978
8322,8330
6293,9276
6702,9550
12142,4878
13356,4622
9926,3176
13761,7900
13703,3941
7409,8969
1663,13170
5270,13699
13578,4711
13677,6369
6769,7300
7066,3682
1361,9110
11792,4267
13696,3062
7486,13790
7980,10142
12977,11500
1500,10951
2111,12631
5652,8479
2106,11952
13850,6776
6692,2522
6072,6869
9859,4928
11735,2403
6325,7208
6328,6480
4846,8026
3515,2284
4353,4281
12526,3021
3511,13151
4588,7084
11829,2198
4503,13804
8761,8044
11420,5547
7658,11813
8086,7976
11657,10737
11178,5431
11398,6109
12175,7252
11646,4141
9739,895
10252,808
10544,880
8782,8780
12645,3204
13238,3442
7602,8664
4775,9179
9452,3258
6856,1432
3326,1733
1021,9863
6068,12695
2736,2014
5288,2948
13390,5097
10314,1030
12853,2830
6324,6202
12016,3228
5336,3271
3790,3107
12085,6912
7315,6741
12659,1668
13177,2328
2634,11498
9860,5623
8659,8118
10032,6949
11514,8092
12984,2958
13176,1986
11116,2026
4330,9312
8478,8915
5720,8884
12694,2096
13070,3515
5900,6545
10486,1221
8343,8288
8186,1755
1148,4942
5746,3752
8523,8161
7676,7689
8947,8918
5238,8637
6616,7516
4696,6790
10907,4559
7931,7363
7374,6896
13159,2118
12619,5384
6787,7720
6972,10120
6554,9958
1677,6688
6514,8223
3590,11119
1548,10226
10992,6794
11179,1045
11588,1448
8806,8074
13011,3165
5538,6392
6103,5945
3081,3615
4461,4113
2476,2839
4076,14054
13998,3935
7895,5205
8871,8825
12933,1712
11390,1920
11574,1916
13906,4256
7704,7649
4726,13993
10450,10451
7683,8498
11199,10712
5213,7753
4332,6150
1750,11724
10028,904
1652,10334
6234,6286
5315,4793
13112,4399
11298,4590
9825,9101
4768,6195
11186,4984
3699,12851
10818,8416
10506,880
11840,2126
4588,10291
6764,8008
7942,10051
7693,13576
8642,9010
8533,5489
2708,7483
1761,4105
2312,2740
5820,5188
13435,3339
1283,8016
13474,3059
6240,8323
11160,3278
8408,6834
8195,7558
9649,9372
8280,8204
4125,13381
2931,3862
7747,8769
13235,4051
1244,5597
3396,810
8722,6512
7877,7485
12322,2211
13335,3819
7693,5069
5536,5033
904,4192
4953,5284
5813,1287
11559,1464
11192,10647
12769,12693
3148,12837
10586,3302
8572,2256
8343,5656
3584,1678
6017,2453
6255,3094
13012,2714
1654,12233
8267,7261
8495,7719
11285,11367
11508,3578
7093,1647
8171,8331
10238,5807
9834,5587
4522,14024
9006,6302
3447,10689
3794,11253
8540,1090
6197,9533
5860,5971
10955,4553
6736,7302
2976,8024
8471,8049
9295,3503
4504,4093
4431,3992
4682,5132
6661,7192
10106,9044
1038,11773
1389,10401
10550,1697
6224,4761
11901,2101
3765,3597
2740,7159
3132,3507
1514,10255
6232,2114
6355,8248
5827,6556
2779,6376
5531,9347
10016,5066
7487,9783
5971,9162
8685,10078
12014,2630
11805,4166
14122,5125
12030,7215
14072,10133
10507,12594
10641,1357
3965,12302
11774,1156
2979,7735
2839,3236
8203,8251
5032,13501
6631,3139
13148,8226
11370,1396
11963,1682
6687,13221
1844,13210
4252,12563
12244,4622
12795,5263
5740,6114
7084,7462
5924,5132
9142,8676
13009,7249
13230,9348
4036,4432
8400,8012
3273,7853
2200,12609
12838,2596
13601,7809
8968,13483
4277,13657
10082,9704
1877,12572
10052,6661
10476,7744
7058,7599
11360,5741
9573,13908
9680,9338
6207,8171
12218,9550
8645,9912
5995,8970
12275,5111
12952,5176
13759,5543
10186,6658
8658,7848
7134,8154
7844,7620
5269,12430
3246,1348
9550,941
956,11134
3432,12883
5366,5198
4534,4856
1200,8450
860,6606
1026,6896
3518,8775
11748,5679
7092,7575
844,10761
6624,1494
4972,9471
7042,9880
8181,10180
10199,2603
10938,7758
8078,10594
11781,1262
1153,11693
5779,6022
13417,4052
5448,12754
8417,6500
8484,8424
8185,8114
5908,9310
1247,10130
6446,2869
8828,12854
12870,2752
1881,11843
2313,9617
7294,6193
5394,8554
13869,9224
1049,11050
10855,3458
11654,1890
9730,4517
8232,10178
824,8051
11317,1305
1060,11285
12379,5019
5684,9489
7532,2990
5486,3390
4133,3900
12016,2051
1626,11084
1141,9153
9174,1763
11256,5650
8658,4495
1034,11943
10901,5087
10368,5307
7671,5966
7080,6675
10582,9008
13605,4010
10004,6633
8590,8083
6244,9956
6398,9884
11779,4171
780,9191
12468,2395
9754,8769
12406,9851
7988,10894
10942,10706
10112,10397
3243,862
7085,1624
4669,6569
3571,10188
10321,1598
10450,1183
6599,6772
4884,4675
9451,9557
10800,11370
5127,5550
9968,10444
10760,2211
11153,3581
11489,1369
13584,5621
11986,5050
1492,9069
5220,10456
13836,7871
13840,9388
13388,9707
1192,10421
12282,1405
3744,10130
2629,12675
2631,11711
10829,2351
9173,5890
9506,4148
6710,6974
7531,13634
7209,8019
9724,9326
9559,8943
11172,9872
13434,11835
844,8188
6467,6895
2243,5337
4990,9370
6914,7218
11659,1799
14085,4379
2691,5509
2985,9416
3114,2539
6328,4966
6353,3219
7910,7083
6222,6864
4146,3220
6572,4739
10903,4691
11416,3729
6740,7242
3133,13386
13355,5813
6652,7556
12734,9727
6287,7108
900,11078
1833,11658
6228,5887
8241,6116
7699,8157
4506,4562
3153,7096
8845,3467
10315,5359
1641,13287
1060,10246
3984,13851
3652,9035
13310,3804
7062,7440
4236,9891
5698,5636
10200,7448
9298,5746
2588,13564
11627,3273
10119,4661
7931,7573
10784,10702
8864,6500
8431,7779
8565,4741
6508,4864
3818,10080
6230,6103
11012,9769
6580,8296
11062,1296
10508,1680
9257,9833
8557,8454
7693,7487
11446,981
7206,6949
1383,11388
6676,14055
11398,3839
5098,10436
4618,9329
12283,2114
10814,1624
13642,3884
13482,3504
9911,5490
9008,8286
8438,8619
9328,9222
10932,10854
11357,10949
7025,4794
13715,9843
13187,12368
12934,13477
7471,7067
13389,2662
12538,5932
1262,10820
6604,8296
6798,2870
4103,9422
7832,10110
8506,10507
6691,7455
6161,6804
6261,2530
2694,3484
1539,11841
5544,4906
2596,11598
3241,2289
3151,13086
14018,4786
3301,10554
1454,11857
6564,13858
13851,11607
12432,2663
9013,894
4879,4133
10154,4646
14034,4550
3874,13537
8953,8197
1199,9653
9223,7356
8690,8325
10500,10242
10316,11600
10172,8956
8125,7122
9185,9466
9071,6456
11838,2364
13379,4340
3238,10935
6666,11391
1520,10352
12680,3022
13180,2440
11138,957
6196,6394
12701,2572
12696,2230
1266,7468
1694,7419
6365,8319
4136,11258
6334,7103
8379,8266
9896,6076
4334,11747
6169,9538
12006,2846
7591,7679
7750,9968
6658,6588
3854,10524
8600,5849
10652,10630
8504,9090
6406,13733
6032,9397
6164,9152
6077,7173
11200,10060
8836,9714
10641,2157
5510,12594
5180,12403
8179,914
2972,12117
4412,10106
11706,2218
3552,4262
10774,2011
7634,6916
13878,3737
9339,7422
3463,8459
9166,8762
4135,4640
4738,7159
9543,1638
13856,3961
6356,13999
9241,9018
5368,5264
8483,7496
6665,6999
3935,11209
2875,12877
9462,1411
9400,9994
10285,9010
10013,10029
10189,10427
7658,2431
3031,2544
4325,11692
2425,8862
5843,1710
5756,1576
4810,9722
1053,3742
7288,7418
6604,13785
9237,8524
14094,4682
10310,3206
9660,1769
10496,2272
14016,5271
6211,1084
7364,7202
13720,4320
7137,6553
11181,5529
7144,7068
6824,10106
9734,4628
10992,4471
8804,6172
7605,3435
5073,8574
5465,9203
3571,11168
8978,8730
6124,9507
5055,9655
7599,9996
9485,9401
4163,10074
5972,1465
6189,6882
12374,12013
8180,7744
11158,5498
6798,14084
772,9784
6777,11658
10322,6958
10288,6904
13109,3012
12389,1716
13899,9011
2798,7171
888,10951
9402,979
7439,5930
3715,13319
9120,9382
12378,5015
12507,1830
10172,9854
8898,8652
11516,6946
6094,8832
6773,8072
10453,3048
8238,7725
8677,1484
8200,2256
9553,9031
6740,6558
11504,8186
8208,10171
13663,4119
10950,5483
11070,7599
8106,10324
8996,9947
7084,843
9768,9557
1192,10675
1536,10606
7961,10760
8423,10404
5135,9265
11364,4656
1261,6657
2199,9507
4890,2741
3416,12917
8297,7792
3731,13196
12292,2233
6656,6964
6887,7699
9321,8799
10508,5028
10062,8646
12513,7580
1336,7921
1488,12054
6116,5808
9044,6013
12951,3500
5253,10321
8817,4965
13720,5908
13658,7658
8902,9274
12865,2890
12311,2548
12314,2091
7816,11048
8758,11542
13827,13388
13422,3438
4110,11619
7864,11752
7080,6968
1436,12244
8441,6357
8642,5762
11878,2752
7661,944
1786,12208
8271,6225
13608,5301
10046,7024
7653,5834
6892,11434
9008,8885
12826,1766
13633,3415
13281,3734
7617,10019
3943,13633
9193,9469
8746,11628
13526,5504
8939,10747
6844,13120
12230,12885
1208,9162
1608,8310
5426,8769
11950,5264
9661,9929
10501,10509
7836,13752
3931,9416
9136,11338
14165,11112
2194,11807
12546,2291
11175,11044
10896,10854
12756,11322
12370,13204
9941,7134
8892,7462
8366,6790
5866,8921
10962,2006
10042,1015
11869,2104
8322,1114
6466,2798
4056,1533
3060,8358
4700,4235
12145,7233
11582,1767
11313,4192
2868,4244
4305,3983
6668,12707
1100,10333
7188,7626
7926,9949
6973,7742
6321,7979
6767,1700
6274,2008
3698,8586
1184,2628
11186,1069
11483,1378
4023,3885
1420,1985
2728,12050
13523,3280
11390,1628
12686,2044
12996,3053
13663,4460
7772,8549
4631,13852
7679,8272
7732,7981
8000,8644
9793,6281
7472,5106
7534,3676
5951,5119
5094,4585
8190,10724
9311,9674
6742,7356
2144,11832
10813,4936
9372,7169
5056,8461
6551,4572
6468,4593
4784,8231
4021,2703
5817,9210
5814,12734
2747,6598
4563,9394
4122,9574
5302,9126
13480,3776
6899,6602
13285,5256
13206,2200
6972,7114
6966,7605
6708,13487
6765,6619
10733,2115
12094,2755
5272,8645
10412,5215
7551,5855
7193,6453
5662,7400
2656,10266
6580,1050
7350,9717
10008,8752
3591,10859
10954,2275
8843,4719
7504,1020
2536,5021
2273,5222
2185,4374
13476,2620
13080,2208
6252,8187
3802,4935
11694,2157
9048,6176
6249,6333
13796,5542
8981,9795
1714,11198
3592,8815
10421,5706
1108,11884
1668,10462
12818,1770
13494,3748
10637,4598
12316,4607
8561,1330
6884,1266
1025,3390
6751,8230
11076,5515
6570,8067
5598,8920
6912,9122
13296,5603
2275,12205
8334,7746
7112,6790
7240,7454
11460,6706
10064,7753
10461,10561
9977,11775
10095,13182
11542,13533
13181,10484
6062,6098
1918,9764
6116,6081
5953,852
4030,11400
2253,12133
6395,6448
6536,8380
13127,2474
8348,13872
6249,10182
3249,11876
4729,13506
9225,9102
9913,10205
13286,7668
8119,8724
13074,7658
9725,9630
11165,1589
1787,11418
10212,6866
7834,7733
12371,10602
10858,10814
4710,13525
4796,13903
4785,14028
9972,6829
7407,7853
5512,5655
12415,5718
11530,5915
6591,4676
7726,4988
4300,11480
7991,3383
1493,1309
912,10591
8369,7434
4688,10098
3806,12675
2289,13013
7932,10632
8742,6037
12802,3234
13842,3948
8292,8158
3955,13241
8349,7599
8634,8201
8910,9095
4113,9731
10068,13564
6134,8371
13296,2260
12031,1470
10212,1079
7951,5143
5848,10977
7265,12490
7371,1283
7452,1549
5380,2488
2782,10022
8755,7671
11423,11305
13466,9754
5600,11220
4324,13720
11722,9884
13341,3146
10701,1423
6124,6608
4785,6085
826,10353
7664,1657
7972,5553
9485,6344
13727,5812
4404,4504
12137,5037
5152,10914
3035,3524
3791,4382
3400,2783
2891,13048
7770,5882
1897,11656
13360,4710
5194,8621
3989,11311
10449,9852
14150,12664
6752,13383
3130,13100
7515,5079
7212,7053
2080,12370
13888,4735
6128,5777
2741,3222
928,8378
11124,5457
12031,11013
8897,9667
9449,1719
13391,5026
8928,1500
8842,4295
10198,5919
6187,9586
3850,11314
5321,13516
14230,12958
10644,8810
12704,3128
11830,1870
13743,4082
3302,12842
12150,8644
8014,8572
9872,6544
8960,6246
13490,10950
12656,11129
9620,10128
5389,7887
13730,4923
13864,4231
9945,3342
7540,6924
3605,10550
10332,5484
10367,8728
5447,10582
9438,10029
7622,7223
5864,6273
6113,8798
1182,12299
7691,6835
7464,7173
6100,6282
11170,4624
9570,9846
9403,9634
9726,2554
4117,4426
1749,7783
1364,3759
12684,2992
5589,8837
8998,1251
3393,4252
3749,3192
3181,2048
1712,1304
6755,8295
12875,3360
8421,7035
11743,1319
6458,5780
3300,8928
7858,7086
8171,7671
9307,1961
1282,11749
11880,1698
12917,2182
12396,3230
6658,7102
13189,3965
9396,1426
4010,13402
13964,4131
11120,4339
10019,9967
11141,10631
5844,5862
7675,11614
13417,10230
13895,9116
1440,12312
7105,6991
6620,6960
7229,9591
988,10246
4913,13989
10218,829
915,9406
6854,6556
6632,6647
6741,1129
1986,12462
7553,8069
8511,6352
6579,7235
6587,1058
6689,8302
1935,11680
890,9999
12921,3276
1341,6553
5208,1367
3589,835
2550,2947
5151,3285
7706,5577
6935,9052
8599,6764
10342,8898
13724,3326
1255,7812
7213,7132
13456,3500
13218,3145
7086,4842
6593,8179
4574,10045
4627,4906
11167,8699
5617,13112
5729,12505
2605,3847
3088,11814
7504,8461
6171,6600
4708,4258
8248,7313
8307,7004
6665,6749
4378,13348
6369,9370
9678,6078
4849,8965
2016,9536
2976,11218
804,9435
10400,9998
6204,8649
7181,8123
6455,6074
8192,8325
9548,9845
6216,6843
9535,4667
6155,3334
8898,5636
8154,10439
12719,2010
11547,3529
11571,7165
3982,13945
3737,10103
7800,7020
6127,10503
8786,10007
9752,6306
12050,2137
5167,3367
3253,13305
13022,3358
9076,7648
13774,10542
10293,5427
10355,10628
10832,11053
8957,9008
8163,10304
5530,12702
5275,13529
11806,1587
12286,2216
11655,5591
2874,13218
1135,10441
2847,5266
6399,7212
3446,8134
2762,6816
8449,10306
9218,6413
5661,12999
11304,1713
2769,12457
7816,8534
10134,8368
10105,7389
6636,9458
3351,10747
11937,2357
10190,2334
2640,3913
2176,5466
3171,8047
6882,6641
9428,5496
13618,3638
3868,4423
8324,6564
11517,1390
1520,12662
6427,3160
4368,10134
2138,12584
6774,7621
7290,7387
12087,4832
3997,4719
4080,12786
3390,7738
6601,6167
6083,3477
8612,4419
1928,2143
6392,9100
10141,1093
10329,1021
5314,5796
6266,6486
5473,6103
4964,8676
4714,7976
9007,8960
13683,5379
10289,9891
13219,8457
12544,2744
3104,12941
12665,1713
1202,12084
12486,1942
14019,4447
7481,7962
11033,1295
9521,8925
9916,9409
11867,3454
12292,10584
4012,13110
4948,13488
6407,13383
7995,4974
8997,9964
825,10386
2978,12840
8512,3795
6251,3433
4754,1618
2051,2256
5403,1485
3561,1667
7119,8040
6279,6560
3855,606
12068,1754
10795,933
12705,2858
1085,11116
6936,7129
4329,4937
10458,4734
8540,3722
7660,766
11289,6263
8866,3608
873,10056
6798,3051
1878,11310
1312,10543
8100,7306
5335,1344
5140,8858
3054,7147
2229,3022
13338,3380
9367,5522
11893,1522
10015,10109
1122,12054
8479,7491
1570,11951
8987,8259
7293,7188
7488,9002
4751,6258
12180,1223
6310,13580
9594,7167
3998,12543
13569,4054
12772,1901
824,10813
948,11012
5467,5817
6313,6184
5777,9008
7036,7496
8361,3513
13942,4247
13597,4243
5946,4076
12736,2706
1388,9038
11174,5784
9968,6322
9044,9228
1768,11723
8393,6886
6906,12920
7679,13452
1451,9885
1028,10099
12993,2137
1319,10373
9407,9001
8303,7957
8674,11036
9348,9917
6956,7196
6172,9122
8624,8484
3760,7255
4341,9240
5444,6014
11540,1800
5060,7537
2722,7053
13083,2360
3227,13062
8290,5674
1372,12634
3926,13458
13026,3056
3946,10062
3532,13600
7007,13229
12608,2252
13693,4390
1927,11909
1128,10791
6240,5958
9725,4686
3390,10164
1752,11394
3452,9167
11022,3425
8109,3410
6740,6922
7121,9629
8770,8653
10284,1320
1090,7673
9310,1506
2132,3284
10288,1015
7521,7688
3009,11684
8532,10042
3152,13722
8667,9891
12965,2062
8199,8117
9959,9537
9732,9787
7321,7837
13591,10313
6474,13562
11073,1092
2666,13507
9782,1074
2809,12377
2379,12611
6912,4318
1485,12723
6725,6609
11340,1806
11920,2250
9422,5358
6502,4397
11954,3206
4714,5930
11029,4598
3232,9562
9229,5602
1836,1366
7276,6182
9290,5417
8663,4329
8692,5261
8146,3198
7372,1361
13215,3354
8542,1255
8432,4776
9134,3431
7346,4806
7301,3222
9490,1663
12003,7143
7102,13529
7996,5464
6758,820
13082,11486
4188,11497
1400,4880
3781,4407
7447,8975
8797,9026
6236,10458
2272,1065
5468,5952
2784,11711
7657,7408
11790,1404
11159,3985
11676,5612
8380,1188
12955,3046
3646,8420
3924,12360
2338,13017
7040,7010
12351,1605
3634,9882
7168,8748
6700,6948
9872,4508
1800,1301
8994,7416
12862,3390
11922,1286
7338,2781
7448,10068
6730,6887
4079,3126
4180,7308
2585,1715
2500,1369
7702,7328
6102,6867
8574,4772
6689,7967
3767,7188
4308,9842
8333,8661
6838,6806
4924,5760
6641,6908
13137,2136
5877,11206
14052,6780
11906,13652
13636,8041
9233,837
7928,6549
6199,4951
7788,7198
13277,4484
11500,11967
9922,9467
13033,11523
3108,13334
1896,9816
12494,3127
7656,3308
1621,11980
10074,5244
5425,6234
9187,1846
9116,9214
7782,7338
7583,7999
1910,11952
3128,11064
7047,13869
9936,9580
9392,9014
11018,14108
6194,6781
10663,7691
6126,6934
13998,7546
13869,7865
13395,5227
8968,8646
9796,9618
8422,7984
11947,10627
7194,8910
10275,2348
10173,1756
6824,1123
11184,946
12344,1727
4991,5516
4561,4804
6012,4947
8596,6009
6421,6678
10566,10237
7585,7353
3728,8105
10655,4763
8880,8708
6248,10225
8342,8067
1500,9570
11968,3006
4776,6393
6552,9122
5967,8959
2786,3595
6674,7367
11057,1513
8060,6492
13591,4779
13494,3184
13459,2638
7255,7399
4633,9576
3784,9518
8736,8830
7694,3712
3162,10898
3258,10694
4483,9431
2543,6956
7582,8119
4451,5056
3596,11366
7275,7043
7175,6280
1581,11353
10544,5496
8160,7510
8159,6248
9687,9400
5997,6431
13478,2706
4576,11792
8992,5730
8645,8686
10594,5784
11633,7722
13928,10961
12580,10626
8302,8294
4704,12355
7575,13645
14049,5049
5621,7590
4012,9927
9082,5590
8219,10218
7525,10124
12455,5817
8056,5070
5330,5350
13083,1896
10828,3283
2108,13094
5683,6494
9434,7030
7299,7755
7578,2342
4601,13395
4452,12020
3855,3140
3518,2048
6423,13705
11430,4372
2385,11979
3253,11852
12316,1425
8580,8313
12994,3547
6838,7346
4494,13742
4430,13786
13751,6137
13396,6646
11952,11685
3192,10952
4160,12141
12082,7144
12123,11512
8577,8277
12833,2480
11813,3960
8672,5937
974,8368
7209,9116
8277,7451
6404,4444
4448,4485
5002,4495
9264,7348
8572,7860
10817,10475
2606,6432
9401,5550
10685,950
12487,11574
12847,11641
11601,10883
8812,8234
5964,6020
12694,2874
10108,13121
13947,13411
2210,12955
8105,8036
1197,10592
12284,7384
10027,9728
2545,12021
4678,13874
10022,1381
12926,3206
14044,4402
2147,5434
1115,5582
3846,1548
5211,2255
7700,7888
6552,1526
8558,8432
7287,6482
13229,3781
2870,13048
2731,13056
6242,10265
10130,8479
7384,9964
8080,10384
12742,13291
10677,1722
6921,6306
11860,3706
2618,11677
4147,12865
5935,14012
13464,6296
5780,7259
7116,9778
9902,7186
5348,6111
12794,13021
10246,1111
5019,5353
8322,8506
7276,10012
2501,2893
4072,13897
6069,6534
2951,12217
1525,12113
6498,6986
2515,13091
13360,4684
8268,6272
5064,8697
12481,2807
12875,2818
4369,4519
11082,11037
13337,3061
13539,3978
11288,7664
6446,7020
3461,13012
11878,7020
9553,9655
2768,11359
809,9575
9020,8366
13546,7490
7151,5353
3172,8017
3979,11588
4664,11662
6175,1072
5886,5998
5333,12208
2121,13242
2608,12844
11123,1662
11134,1668
10167,13696
6013,12628
13548,2570
1601,11935
8340,2770
11798,1391
10488,872
13474,4037
11384,4462
11991,9873
12687,1983
6182,6290
6585,6201
6166,6564
7292,6670
3618,8102
4706,5200
4735,745
6257,1083
11933,1378
1422,10832
12894,5274
1726,9931
9248,5582
6589,11331
7472,9699
7596,6972
10128,13559
9161,8609
7496,11081
13122,2555
11130,1196
7771,13255
6900,6624
10602,3178
4003,10084
7468,7594
9475,6259
9967,9851
11523,6452
4240,10182
12944,2992
2662,8302
13499,4263
9725,5916
9674,10258
8220,7542
1110,855
12736,3116
14142,4558
9737,6072
8265,7445
9377,5675
10027,8742
4837,9779
12566,2000
11466,1883
7056,4986
8063,7958
6017,6403
9153,5790
8463,8213
13195,11464
11398,13294
6808,7652
1274,11280
9109,2449
7196,1307
8148,7391
9018,827
5917,6150
12634,3136
11158,3292
6026,1978
5812,14073
1469,8430
3419,6755
3561,3860
8768,10715
7705,10030
2032,11569
2596,12423
3012,11433
13524,4015
8285,7122
6348,6389
6365,6948
6339,7133
12213,8315
8551,7943
4442,14038
6223,8854
9084,11218
9961,6560
8769,9878
9678,954
13554,3732
1139,12326
5392,2003
2417,12834
9331,10061
4319,13190
5323,4872
7675,4778
6067,4600
3648,13834
11783,1082
6583,7627
8189,5244
14083,5661
3456,7738
776,2876
13391,2860
13518,3794
7558,6145
4162,12703
4744,6104
7134,6356
8095,7351
11376,3212
8487,2413
5430,5238
8746,2404
8544,2478
8452,9995
4298,13701
5465,12246
6854,6286
11922,3936
9805,4493
7076,9195
7679,8680
6069,10467
11749,2778
8697,7990
6959,9134
1771,5574
3496,9540
8174,7165
1594,11474
1934,11844
2024,12139
6419,4603
2248,4160
7768,5703
6018,4932
3094,6788
13148,2620
6750,7454
3364,7729
2906,5483
11661,1173
9050,5484
6638,6647
7685,3267
7900,2028
11097,4565
2914,11897
11041,4243
13242,7299
5912,5661
11091,1546
7998,5290
13700,4066
13715,9724
9816,8841
7444,5022
7215,5016
10066,9722
12143,11664
1991,13261
1914,11612
8169,8455
886,10578
11206,7116
1674,11406
1712,10973
6165,6590
6860,6340
6661,6265
2548,2404
2823,2623
9686,7327
7311,14029
9208,9204
6442,6916
12413,12130
12022,12568
3936,849
7144,6800
8272,8174
13301,7144
11047,10921
6407,6812
2337,9887
6427,2486
4776,5407
7795,7304
2870,9684
12802,2384
13664,3105
11030,1293
10052,885
12906,5242
12849,3357
7121,13503
12435,7351
7396,7263
8290,6718
3780,10310
8353,8364
7929,5358
10140,4257
6400,6856
5753,5795
932,5803
1262,11184
2012,5364
1876,11319
3868,12988
2452,4596
7074,6963
835,10516
13143,3284
8890,6006
6425,6268
5343,5346
3706,4339
11462,6289
10021,6838
5514,5208
1529,7162
3600,7210
3930,7165
1459,7470
4020,13298
8138,7374
6216,10185
4815,10910
6658,7537
4600,9961
10909,4551
3072,1216
832,11106
11722,3277
7826,5335
8007,7579
9435,2081
9496,11404
9912,5549
6236,4863
8734,9784
10906,8702
6746,7143
10074,8063
4481,4296
14059,13656
13984,13468
11006,6931
8590,8795
4759,11678
4265,11436
8448,6591
12290,1299
11166,901
12171,1325
10224,862
827,10135
5971,7123
12311,2571
3699,13216
13286,2636
2868,13265
1879,12628
1166,8130
8416,8341
8087,8052
9179,1299
4679,4783
7468,7222
2425,1716
2456,10122
9936,909
7525,1459
9280,13104
4074,3774
7897,7273
5014,5244
13165,3455
6641,1585
1899,4237
8305,6618
8830,9004
6257,10269
665,1446
1661,9811
11880,2530
11711,1203
12225,2563
11470,1720
6795,3006
9851,3121
1621,9778
6070,1118
7183,6691
4740,4924
7126,1291
6920,11470
4577,12389
7682,7814
2767,6723
2461,9834
8665,4163
8332,8746
7472,8017
1221,12222
8737,6488
8168,7705
6798,7488
4713,6089
6632,1633
7255,1418
11294,8318
13597,2817
7241,7512
13972,4676
2362,9435
5283,5675
9871,4676
5962,9010
8176,7373
4222,1906
1200,11367
2351,12634
1406,10974
4980,7513
11563,4405
3534,10658
8147,6543
4707,7262
6195,5027
3527,4055
1524,12104
14009,4762
13815,6714
10172,8089
8736,6272
9239,5698
7472,6758
3459,13236
1443,11598
13403,2395
7202,6978
13916,7110
13857,5042
12796,1866
6360,12165
13904,8458
13388,6688
7115,9358
7076,9395
13255,9084
8335,10086
9938,6513
9071,11351
13120,11700
9280,6175
9181,5898
2181,12342
7379,12363
7148,4826
3570,13783
5878,6606
5716,13065
12103,2384
10023,1031
7809,13522
7597,8166
1486,11607
8453,7905
14116,6913
1936,9750
1144,10622
12240,2634
12520,5068
12284,2242
8976,938
11545,13273
12276,2691
13232,3138
8816,7870
2522,12484
11022,4172
13336,2346
13637,3359
3054,12885
10043,9393
11933,9205
8519,8571
10909,11723
12861,13229
2444,12130
7220,3906
2795,12191
3088,13086
5872,7068
3892,3268
1664,6682
10297,2715
4238,1114
4734,1147
6800,7062
11160,5543
6192,6159
5754,5001
3481,13135
5784,5452
5422,5574
6079,5212
7114,6238
6142,5704
2678,12117
1049,11962
6657,7159
3330,13258
2496,11831
807,10748
4766,6109
12872,2870
1602,9175
8527,6372
8135,7941
7330,4812
7658,5164
5294,5190
1573,786
7086,971
8813,2289
4467,9948
7194,3954
11966,3250
11783,3803
4875,5991
867,7534
5402,1188
6095,4537
4637,4383
2236,11749
12269,1850
1581,12084
12621,1767
13438,4982
10108,6969
7833,7340
9203,14006
1264,12620
13672,4430
10955,2356
6735,6550
6171,8249
13196,4542
13667,4688
5840,3485
6670,3164
7255,7541
6149,6745
6241,6671
2179,12711
6810,2602
7642,4940
6929,4524
8526,3844
7618,7864
10430,1600
5351,8667
8659,8664
11854,11450
10784,4764
8755,6144
6544,8404
7545,13869
6356,13436
7758,6916
10157,1162
5383,11597
875,10648
13618,5545
13311,3613
12286,3329
4064,13648
9686,4303
2883,9563
10618,4972
6327,5998
8212,3532
8091,8469
12011,6869
9692,5443
9606,5359
4693,6957
8418,5447
8272,8042
6706,7040
5342,3774
7383,5030
10196,2542
3467,7048
7098,4268
13648,3273
12212,8118
7657,5768
9606,4411
11670,1648
5064,10468
9602,9633
7347,6152
13196,12022
10986,10458
10515,2667
12464,3237
7895,7432
14122,4785
11165,5570
12209,9209
11882,13155
8656,8691
13400,2324
13925,8557
6617,7431
6487,11448
9735,4436
7989,8301
10294,8273
10029,8935
3778,10776
10048,2484
7757,7416
7827,8667
11910,6842
9662,5398
2050,12580
5548,7472
11814,1781
3524,9803
2967,13367
11303,1367
7861,8632
3469,9153
5006,4004
7792,8233
6634,7403
6681,9943
7412,6837
7070,13624
11619,5547
10865,3566
13351,3999
3418,11486
12660,3204
14034,5194
12472,2308
8917,8827
9771,9473
6708,6806
7524,7578
791,10178
11430,1558
5002,4517
3658,4040
7664,8176
8081,7815
10373,2837
10350,8578
10828,9910
8037,7496
4748,9327
13285,10929
10532,2266
13978,9987
6239,6415
1498,2054
4141,6110
5960,6574
6305,9216
1343,5845
3254,8912
6265,1705
6741,1427
4721,1282
6990,7356
2620,12358
1631,10886
779,7765
1941,12785
7330,7553
7660,7260
12495,12685
2607,12523
10006,8990
1524,11706
13226,2382
5222,9154
8942,8680
7176,8206
9596,4387
10260,5188
9963,11593
12572,12006
12402,2464
7922,7656
3085,1351
7113,9227
8502,5279
7716,5114
14016,4400
11019,8832
12065,10912
7204,6529
10566,1288
1291,12294
1707,9273
5752,11084
3353,12963
6043,6670
1711,12879
7081,6807
5161,4646
10647,881
6130,13952
6955,14280
13635,3930
7361,9794
6981,9895
7078,14100
1145,5550
6561,11340
8331,8468
7801,5023
3168,12849
9327,5487
12544,7354
9803,5609
772,8655
13087,2758
1696,2656
11857,3939
9206,9969
2987,11040
9174,9404
6365,1339
